"","unique_id","no3_as_n_Original","no3_as_n","no3_as_n_Cens","no3_as_n_Qualifier","no3_as_n_Symbology","no2_n_mgl_Original","no2_n_mgl","no2_n_mgl_Cens","no2_n_mgl_Qualifier","no2_n_mgl_Symbology","total_n_mgl_Original","total_n_mgl","total_n_mgl_Cens","total_n_mgl_Qualifier","total_n_mgl_Symbology","cl_mg_l_Original","cl_mg_l","cl_mg_l_Cens","cl_mg_l_Qualifier","cl_mg_l_Symbology","br_mg_l_Original","br_mg_l","br_mg_l_Cens","br_mg_l_Qualifier","br_mg_l_Symbology","gwic_id","sample_date_time","lab_name","latitude","longitude","type","aquifer","aquifer_grouped","bg","pch","col","cex"
"1","259011_2022-09-13","0.65",0.65,FALSE,"",0.65,"<0.05",0.05,TRUE,"",-1,NA,NA,FALSE,NA,NA,"62.1",62.1,FALSE,"",62.1,"<0.05",0.05,TRUE,"",-1,"259011",2022-09-13 12:25:00,"City of Billings",45.75489,-108.72027,"STREAM",NA,"Stream","blue",21,"black",2
"2","259011_2023-02-07","3.2",3.2,FALSE,"",3.2,"<0.05",0.05,TRUE,"",-1,"3.2",3.2,FALSE,"",3.2,"74.27",74.27,FALSE,"",74.27,"0.36",0.36,FALSE,"",0.36,"259011",2023-02-07 11:00:00,"City of Billings",45.75489,-108.72027,"STREAM",NA,"Stream","blue",21,"black",2
"3","259011_2023-03-14","2.000",2,FALSE,"",2,"<0.050 U",0.05,TRUE," U",-1,"1.970",1.97,FALSE,"",1.97,"66.700",66.7,FALSE,"",66.7,"433.000",0.433,FALSE,"",433,"259011",2023-03-14 10:57:00,"MBMG",45.75489,-108.72027,"STREAM","","Stream","blue",21,"black",2
"4","259011_2023-04-11","1.54",1.54,FALSE,"",1.54,"0.04",0.04,FALSE,"",0.04,"1.58",1.58,FALSE,"",1.58,"72",72,FALSE,"",72,"0.5",0.5,FALSE,"",0.5,"259011",2023-04-11 11:02:00,"Energy Labs",45.75489,-108.72027,"STREAM",NA,"Stream","blue",21,"black",2
"5","259011_2023-06-09","0.2",0.2,FALSE,"",0.2,"<0.01",0.01,TRUE,"",-1,"0.21",0.21,FALSE,"",0.21,"33",33,FALSE,"",33,"0.1",0.1,FALSE,"",0.1,"259011",2023-06-09 11:00:00,"Energy Labs",45.75489,-108.72027,"STREAM",NA,"Stream","blue",21,"black",2
"6","259011_2023-08-03","0.17",0.17,FALSE,"",0.17,"<0.01",0.01,TRUE,"",-1,"0.17",0.17,FALSE,"",0.17,"10",10,FALSE,"",10,"<0.01",0.01,TRUE,"",-1,"259011",2023-08-03,"Energy Labs",45.75489,-108.72027,"STREAM",NA,"Stream","blue",21,"black",2
"7","259011_2023-08-29","0.120",0.12,FALSE,"",0.12,"<0.010 U",0.01,TRUE," U",-1,"<0.200 U",0.2,TRUE," U",-1,"9.370",9.37,FALSE,"",9.37,"41.000 J",0.041,FALSE," J",41,"259011",2023-08-29 12:23:00,"MBMG",45.75489,-108.72027,"STREAM","","Stream","blue",21,"black",2
"8","259011_2024-01-25","1.69",1.69,FALSE,"",1.69,"<0.05",0.05,TRUE,"",-1,NA,NA,FALSE,NA,NA,"66.1",66.1,FALSE,"",66.1,"0.336",0.336,FALSE,"",0.336,"259011",2024-01-25 08:50:00,"City of Billings",45.75489,-108.72027,"STREAM",NA,"Stream","blue",21,"black",2
"9","319268_2022-09-13","1.45",1.45,FALSE,"",1.45,"<0.05",0.05,TRUE,"",-1,NA,NA,FALSE,NA,NA,"49.9",49.9,FALSE,"",49.9,"<0.05",0.05,TRUE,"",-1,"319268",2022-09-13 11:44:00,"City of Billings",45.71976,-108.59643,"STREAM",NA,"Stream","blue",21,"black",2
"10","319268_2023-02-07","3.37",3.37,FALSE,"",3.37,"<0.05",0.05,TRUE,"",-1,"3.37",3.37,FALSE,"",3.37,"40.18",40.18,FALSE,"",40.18,"0.13",0.13,FALSE,"",0.13,"319268",2023-02-07 13:00:00,"City of Billings",45.71976,-108.59643,"STREAM",NA,"Stream","blue",21,"black",2
"11","319268_2023-03-14","3.420",3.42,FALSE,"",3.42,"0.050",0.05,FALSE,"",0.05,"3.140",3.14,FALSE,"",3.14,"49.630",49.63,FALSE,"",49.63,"181.000",0.181,FALSE,"",181,"319268",2023-03-14 11:49:00,"MBMG",45.71976,-108.59643,"STREAM","","Stream","blue",21,"black",2
"12","319268_2023-04-11","2.1",2.1,FALSE,"",2.1,"0.04",0.04,FALSE,"",0.04,"2.14",2.14,FALSE,"",2.14,"45",45,FALSE,"",45,"0.2",0.2,FALSE,"",0.2,"319268",2023-04-11 13:33:00,"Energy Labs",45.71976,-108.59643,"STREAM",NA,"Stream","blue",21,"black",2
"13","319268_2023-06-09","0.34",0.34,FALSE,"",0.34,"0.01",0.01,FALSE,"",0.01,"0.35",0.35,FALSE,"",0.35,"15",15,FALSE,"",15,"<0.01",0.01,TRUE,"",-1,"319268",2023-06-09 12:00:00,"Energy Labs",45.71976,-108.59643,"STREAM",NA,"Stream","blue",21,"black",2
"14","319268_2023-08-03","0.37",0.37,FALSE,"",0.37,"<0.01",0.01,TRUE,"",-1,"0.37",0.37,FALSE,"",0.37,"9.0",9,FALSE,"",9,"<0.01",0.01,TRUE,"",-1,"319268",2023-08-03,"Energy Labs",45.71976,-108.59643,"STREAM",NA,"Stream","blue",21,"black",2
"15","319268_2023-08-29","0.240",0.24,FALSE,"",0.24,"<0.010 U",0.01,TRUE," U",-1,"0.280",0.28,FALSE,"",0.28,"8.080",8.08,FALSE,"",8.08,"<10.000 U",0.01,TRUE," U",-1,"319268",2023-08-29 11:38:00,"MBMG",45.71976,-108.59643,"STREAM","","Stream","blue",21,"black",2
"16","319268_2024-01-25","3.44",3.44,FALSE,"",3.44,"<0.05",0.05,TRUE,"",-1,NA,NA,FALSE,NA,NA,"39.5",39.5,FALSE,"",39.5,"0.168",0.168,FALSE,"",0.168,"319268",2024-01-25 09:30:00,"City of Billings",45.71976,-108.59643,"STREAM",NA,"Stream","blue",21,"black",2
"17","319294_2022-09-20","0.36",0.36,FALSE,"",0.36,"<0.05",0.05,TRUE,"",-1,NA,NA,FALSE,NA,NA,"10.2",10.2,FALSE,"",10.2,"<0.05",0.05,TRUE,"",-1,"319294",2022-09-20 13:48:00,"City of Billings",45.78931,-108.52755,"STREAM",NA,"Stream","blue",21,"black",2
"18","319294_2023-03-14","0.960",0.96,FALSE,"",0.96,"0.050 J",0.05,FALSE," J",0.05,"0.920",0.92,FALSE,"",0.92,"48.380",48.38,FALSE,"",48.38,"70.000",0.07,FALSE,"",70,"319294",2023-03-14 13:58:00,"MBMG",45.78931,-108.52755,"STREAM","","Stream","blue",21,"black",2
"19","319294_2023-08-29","0.580",0.58,FALSE,"",0.58,"<0.010 U",0.01,TRUE," U",-1,"0.620",0.62,FALSE,"",0.62,"11.890",11.89,FALSE,"",11.89,"45.000 J",0.045,FALSE," J",45,"319294",2023-08-29 08:34:00,"MBMG",45.78931,-108.52755,"STREAM","","Stream","blue",21,"black",2
"20","319244_2022-09-20","<0.05",0.05,TRUE,"",-1,"<0.05",0.05,TRUE,"",-1,NA,NA,FALSE,NA,NA,"8.4",8.4,FALSE,"",8.4,"<0.05",0.05,TRUE,"",-1,"319244",2022-09-20 09:19:00,"City of Billings",45.79543,-108.52366,"DITCH OR CANAL",NA,"Canal","purple",21,"black",2
"21","319244_2023-08-31","0.040 J",0.04,FALSE," J",0.04,"<0.010 U",0.01,TRUE," U",-1,"<0.200 U",0.2,TRUE," U",-1,"6.600",6.6,FALSE,"",6.6,"<10.000 U",0.01,TRUE," U",-1,"319244",2023-08-31 14:25:00,"MBMG",45.79543,-108.52366,"DITCH OR CANAL","","Canal","purple",21,"black",2
"22","319248_2023-03-20","2.0",2,FALSE,"",2,"0.03",0.03,FALSE,"",0.03,"2.03",2.03,FALSE,"",2.03,"25",25,FALSE,"",25,"<0.01",0.01,TRUE,"",-1,"319248",2023-03-20 11:26:00,"Energy Labs",45.69711,-108.67862,"DITCH OR CANAL",NA,"Canal","purple",21,"black",2
"23","319250_2022-09-20","<0.05",0.05,TRUE,"",-1,"<0.05",0.05,TRUE,"",-1,NA,NA,FALSE,NA,NA,"10.5",10.5,FALSE,"",10.5,"<0.05",0.05,TRUE,"",-1,"319250",2022-09-20 11:30:00,"City of Billings",45.76189,-108.72009,"DITCH OR CANAL",NA,"Canal","purple",21,"black",2
"24","319253_2022-09-20","<0.05",0.05,TRUE,"",-1,"<0.05",0.05,TRUE,"",-1,NA,NA,FALSE,NA,NA,"11.3",11.3,FALSE,"",11.3,"<0.05",0.05,TRUE,"",-1,"319253",2022-09-20 12:01:00,"City of Billings",45.79688,-108.63175,"DITCH OR CANAL",NA,"Canal","purple",21,"black",2
"25","319254_2022-09-20","<0.05",0.05,TRUE,"",-1,"<0.05",0.05,TRUE,"",-1,NA,NA,FALSE,NA,NA,"9.38",9.38,FALSE,"",9.38,"<0.05",0.05,TRUE,"",-1,"319254",2022-09-20 12:27:00,"City of Billings",45.7904,-108.62184,"DITCH OR CANAL",NA,"Canal","purple",21,"black",2
"26","319255_2022-09-20","<0.05",0.05,TRUE,"",-1,"<0.05",0.05,TRUE,"",-1,NA,NA,FALSE,NA,NA,"10.3",10.3,FALSE,"",10.3,"<0.05",0.05,TRUE,"",-1,"319255",2022-09-20 12:08:00,"City of Billings",45.79401,-108.63169,"DITCH OR CANAL",NA,"Canal","purple",21,"black",2
"27","319431_2022-09-13","1.6",1.6,FALSE,"",1.6,"<0.05",0.05,TRUE,"",-1,NA,NA,FALSE,NA,NA,"53.8",53.8,FALSE,"",53.8,"<0.05",0.05,TRUE,"",-1,"319431",2022-09-13 11:08:00,"City of Billings",45.7405,-108.56667,"DRAIN",NA,"Canal","purple",21,"black",2
"28","319431_2023-01-04","5.15",5.15,FALSE,"",5.15,"<0.05",0.05,TRUE,"",-1,"5.15",5.15,FALSE,"",5.15,"49.1",49.1,FALSE,"",49.1,"<0.05",0.05,TRUE,"",-1,"319431",2023-01-04 12:23:00,"City of Billings",45.7405,-108.56667,"DRAIN",NA,"Canal","purple",21,"black",2
"29","319431_2023-03-02","3.14",3.14,FALSE,"",3.14,"0.02",0.02,FALSE,"",0.02,"3.16",3.16,FALSE,"",3.16,"56",56,FALSE,"",56,"0.1",0.1,FALSE,"",0.1,"319431",2023-03-02 13:12:00,"Energy Labs",45.7405,-108.56667,"DRAIN",NA,"Canal","purple",21,"black",2
"30","319431_2023-03-14","5.840",5.84,FALSE,"",5.84,"0.050 J",0.05,FALSE," J",0.05,"5.290",5.29,FALSE,"",5.29,"61.860",61.86,FALSE,"",61.86,"160.000",0.16,FALSE,"",160,"319431",2023-03-14 12:22:00,"MBMG",45.7405,-108.56667,"DRAIN","","Canal","purple",21,"black",2
"31","319431_2023-04-11","4.58",4.58,FALSE,"",4.58,"0.03",0.03,FALSE,"",0.03,"4.61",4.61,FALSE,"",4.61,"53",53,FALSE,"",53,"0.2",0.2,FALSE,"",0.2,"319431",2023-04-11 13:12:00,"Energy Labs",45.7405,-108.56667,"DRAIN",NA,"Canal","purple",21,"black",2
"32","319431_2023-05-09","1.78",1.78,FALSE,"",1.78,"0.01",0.01,FALSE,"",0.01,"1.79",1.79,FALSE,"",1.79,"56",56,FALSE,"",56,"0.1",0.1,FALSE,"",0.1,"319431",2023-05-09 12:33:00,"Energy Labs",45.7405,-108.56667,"DRAIN",NA,"Canal","purple",21,"black",2
"33","319431_2023-07-06","0.62",0.62,FALSE,"",0.62,"<0.01",0.01,TRUE,"",-1,"0.62",0.62,FALSE,"",0.62,"10",10,FALSE,"",10,"<0.01",0.01,TRUE,"",-1,"319431",2023-07-06 14:32:00,"Energy Labs",45.7405,-108.56667,"DRAIN",NA,"Canal","purple",21,"black",2
"34","319431_2023-08-29","0.360",0.36,FALSE,"",0.36,"<0.010 U",0.01,TRUE," U",-1,"0.400",0.4,FALSE,"",0.4,"12.320",12.32,FALSE,"",12.32,"45.000 J",0.045,FALSE," J",45,"319431",2023-08-29 11:00:00,"MBMG",45.7405,-108.56667,"DRAIN","","Canal","purple",21,"black",2
"35","319431_2024-01-25","6.73",6.73,FALSE,"",6.73,"<0.05",0.05,TRUE,"",-1,NA,NA,FALSE,NA,NA,"96.8",96.8,FALSE,"",96.8,"0.18",0.18,FALSE,"",0.18,"319431",2024-01-25 10:00:00,"City of Billings",45.7405,-108.56667,"DRAIN",NA,"Canal","purple",21,"black",2
"36","319432_2022-09-13","0.7",0.7,FALSE,"",0.7,"<0.05",0.05,TRUE,"",-1,NA,NA,FALSE,NA,NA,"49",49,FALSE,"",49,"<0.05",0.05,TRUE,"",-1,"319432",2022-09-13 10:45:00,"City of Billings",45.74604,-108.59832,"DRAIN",NA,"Canal","purple",21,"black",2
"37","319433_2022-09-20","0.24",0.24,FALSE,"",0.24,"<0.05",0.05,TRUE,"",-1,NA,NA,FALSE,NA,NA,"8.22",8.22,FALSE,"",8.22,"<0.05",0.05,TRUE,"",-1,"319433",2022-09-20 10:55:00,"City of Billings",45.68271,-108.70954,"DITCH OR CANAL",NA,"Canal","purple",21,"black",2
"38","319433_2023-03-20","4.02",4.02,FALSE,"",4.02,"0.01",0.01,FALSE,"",0.01,"4.03",4.03,FALSE,"",4.03,"23",23,FALSE,"",23,"<0.01",0.01,TRUE,"",-1,"319433",2023-03-20 11:17:00,"energy Labs",45.68271,-108.70954,"DITCH OR CANAL",NA,"Canal","purple",21,"black",2
"39","319434_2022-09-13","7.05",7.05,FALSE,"",7.05,"<0.05",0.05,TRUE,"",-1,NA,NA,FALSE,NA,NA,"102.8",102.8,FALSE,"",102.8,"<0.05",0.05,TRUE,"",-1,"319434",2022-09-13 10:17:00,"City of Billings",45.75354,-108.5099,"DRAIN",NA,"Canal","purple",21,"black",2
"40","319434_2023-03-14","3.490",3.49,FALSE,"",3.49,"0.060",0.06,FALSE,"",0.06,"3.250",3.25,FALSE,"",3.25,"50.120",50.12,FALSE,"",50.12,"146.000",0.146,FALSE,"",146,"319434",2023-03-14 15:56:00,"MBMG",45.75354,-108.5099,"DRAIN","","Canal","purple",21,"black",2
"41","319434_2023-08-29","1.700",1.7,FALSE,"",1.7,"0.030 J",0.03,FALSE," J",0.03,"1.660",1.66,FALSE,"",1.66,"23.030",23.03,FALSE,"",23.03,"82.000",0.082,FALSE,"",82,"319434",2023-08-29 10:21:00,"MBMG",45.75354,-108.5099,"DRAIN","","Canal","purple",21,"black",2
"42","319445_2022-09-20","<0.05",0.05,TRUE,"",-1,"<0.05",0.05,TRUE,"",-1,NA,NA,FALSE,NA,NA,"8.8",8.8,FALSE,"",8.8,"<0.05",0.05,TRUE,"",-1,"319445",2022-09-20 13:23:00,"City of Billings",45.79128,-108.53305,"DITCH OR CANAL",NA,"Canal","purple",21,"black",2
"43","319912_2022-09-13","0.2",0.2,FALSE,"",0.2,"<0.05",0.05,TRUE,"",-1,NA,NA,FALSE,NA,NA,"39.6",39.6,FALSE,"",39.6,"<0.05",0.05,TRUE,"",-1,"319912",2022-09-13 13:40:00,"City of Billings",45.78282,-108.58473,"DRAIN",NA,"Canal","purple",21,"black",2
"44","321057_2022-09-13","0.8",0.8,FALSE,"",0.8,"<0.05",0.05,TRUE,"",-1,NA,NA,FALSE,NA,NA,"51.2",51.2,FALSE,"",51.2,"<0.05",0.05,TRUE,"",-1,"321057",2022-09-13 12:53:00,"City of Billings",45.76213,-108.65747,"DRAIN",NA,"Canal","purple",21,"black",2
"45","321057_2023-01-04","10.5",10.5,FALSE,"",10.5,"<0.05",0.05,TRUE,"",-1,"10.5",10.5,FALSE,"",10.5,"76.75",76.75,FALSE,"",76.75,"0.35",0.35,FALSE,"",0.35,"321057",2023-01-04 11:52:00,"City of Billings",45.76213,-108.65747,"DRAIN",NA,"Canal","purple",21,"black",2
"46","321057_2023-03-02","2.66",2.66,FALSE,"",2.66,"<0.01",0.01,TRUE,"",-1,"2.66",2.66,FALSE,"",2.66,"26",26,FALSE,"",26,"0.2",0.2,FALSE,"",0.2,"321057",2023-03-02 11:28:00,"Energy Labs",45.76213,-108.65747,"DRAIN",NA,"Canal","purple",21,"black",2
"47","321057_2023-03-14","9.200",9.2,FALSE,"",9.2,"0.210 J",0.21,FALSE," J",0.21,"8.330",8.33,FALSE,"",8.33,"69.890",69.89,FALSE,"",69.89,"515.000",0.515,FALSE,"",515,"321057",2023-03-14 10:19:00,"MBMG",45.76213,-108.65747,"DRAIN","","Canal","purple",21,"black",2
"48","321057_2023-04-11","7.51",7.51,FALSE,"",7.51,"0.04",0.04,FALSE,"",0.04,"7.55",7.55,FALSE,"",7.55,"64",64,FALSE,"",64,"0.5",0.5,FALSE,"",0.5,"321057",2023-04-11 11:25:00,"Energy Labs",45.76213,-108.65747,"DRAIN",NA,"Canal","purple",21,"black",2
"49","321057_2023-05-09","8.6",8.6,FALSE,"",8.6,"0.05",0.05,FALSE,"",0.05,"8.6",8.6,FALSE,"",8.6,"72",72,FALSE,"",72,"1.7",1.7,FALSE,"",1.7,"321057",2023-05-09 11:24:00,"Energy Labs",45.76213,-108.65747,"DRAIN",NA,"Canal","purple",21,"black",2
"50","321057_2023-07-06","0.86",0.86,FALSE,"",0.86,"<0.01",0.01,TRUE,"",-1,"0.86",0.86,FALSE,"",0.86,"11",11,FALSE,"",11,"<0.01",0.01,TRUE,"",-1,"321057",2023-07-06 12:30:00,"Energy Labs",45.76213,-108.65747,"DRAIN",NA,"Canal","purple",21,"black",2
"51","321057_2023-08-29","1.830",1.83,FALSE,"",1.83,"0.030 J",0.03,FALSE," J",0.03,"1.780",1.78,FALSE,"",1.78,"22.890",22.89,FALSE,"",22.89,"119.000",0.119,FALSE,"",119,"321057",2023-08-29 12:55:00,"MBMG",45.76213,-108.65747,"DRAIN","","Canal","purple",21,"black",2
"52","321379_2022-09-20","1.24",1.24,FALSE,"",1.24,"<0.05",0.05,TRUE,"",-1,NA,NA,FALSE,NA,NA,"26.3",26.3,FALSE,"",26.3,"<0.05",0.05,TRUE,"",-1,"321379",2022-09-20 13:31:00,"City of Billings",45.79098,-108.52913,"DRAIN",NA,"Canal","purple",21,"black",2
"53","321795_2022-09-20","<0.05",0.05,TRUE,"",-1,"<0.05",0.05,TRUE,"",-1,NA,NA,FALSE,NA,NA,"8.32",8.32,FALSE,"",8.32,"<0.05",0.05,TRUE,"",-1,"321795",2022-09-20 11:22:00,"City of Billings",45.76598,-108.72029,"DITCH OR CANAL",NA,"Canal","purple",21,"black",2
"54","322293_2022-09-20","<0.05",0.05,TRUE,"",-1,"<0.05",0.05,TRUE,"",-1,NA,NA,FALSE,NA,NA,"8.2",8.2,FALSE,"",8.2,"<0.05",0.05,TRUE,"",-1,"322293",2022-09-20 10:09:00,"City of Billings",45.74845,-108.59669,"DITCH OR CANAL",NA,"Canal","purple",21,"black",2
"55","322294_2022-09-20","<0.05",0.05,TRUE,"",-1,"<0.05",0.05,TRUE,"",-1,NA,NA,FALSE,NA,NA,"8.4",8.4,FALSE,"",8.4,"<0.05",0.05,TRUE,"",-1,"322294",2022-09-20 10:42:00,"City of Billings",45.66825,-108.70229,"DITCH OR CANAL",NA,"Canal","purple",21,"black",2
"56","322294_2023-08-31","0.050 J",0.05,FALSE," J",0.05,"<0.010 U",0.01,TRUE," U",-1,"<0.200 U",0.2,TRUE," U",-1,"6.660",6.66,FALSE,"",6.66,"<10.000 U",0.01,TRUE," U",-1,"322294",2023-08-31 12:30:00,"MBMG",45.66825,-108.70229,"DITCH OR CANAL","","Canal","purple",21,"black",2
"57","322447_2022-09-13","0.6",0.6,FALSE,"",0.6,"0.3",0.3,FALSE,"",0.3,NA,NA,FALSE,NA,NA,"92.6",92.6,FALSE,"",92.6,"0.2",0.2,FALSE,"",0.2,"322447",2022-09-13 10:00:00,"City of Billings",45.76987,-108.49165,"DRAIN",NA,"Canal","purple",21,"black",2
"58","322447_2023-03-14","0.910",0.91,FALSE,"",0.91,"0.130",0.13,FALSE,"",0.13,"1.850",1.85,FALSE,"",1.85,"161.000",161,FALSE,"",161,"230.000",0.23,FALSE,"",230,"322447",2023-03-14 09:28:00,"MBMG",45.76987,-108.49165,"DRAIN","","Canal","purple",21,"black",2
"59","322447_2023-08-29","0.640",0.64,FALSE,"",0.64,"0.050 J",0.05,FALSE," J",0.05,"0.730",0.73,FALSE,"",0.73,"17.980",17.98,FALSE,"",17.98,"59.000",0.059,FALSE,"",59,"322447",2023-08-29 15:54:00,"MBMG",45.76987,-108.49165,"DRAIN","","Canal","purple",21,"black",2
"60","322448_2022-09-13","0.15",0.15,FALSE,"",0.15,"<0.05",0.05,TRUE,"",-1,NA,NA,FALSE,NA,NA,"40.2",40.2,FALSE,"",40.2,"<0.05",0.05,TRUE,"",-1,"322448",2022-09-13 13:10:00,"City of Billings",45.76918,-108.61791,"DRAIN",NA,"Canal","purple",21,"black",2
"61","322448_2023-03-14","4.600",4.6,FALSE,"",4.6,"0.060",0.06,FALSE,"",0.06,"3.930",3.93,FALSE,"",3.93,"60.000",60,FALSE,"",60,"112.000",0.112,FALSE,"",112,"322448",2023-03-14 15:49:00,"MBMG",45.76918,-108.61791,"DRAIN","","Canal","purple",21,"black",2
"62","322448_2023-08-29","0.120",0.12,FALSE,"",0.12,"<0.010 U",0.01,TRUE," U",-1,"0.210",0.21,FALSE,"",0.21,"8.560",8.56,FALSE,"",8.56,"<10.000 U",0.01,TRUE," U",-1,"322448",2023-08-29 07:30:00,"MBMG",45.76918,-108.61791,"DRAIN","","Canal","purple",21,"black",2
"63","322681_2022-09-20","<0.05",0.05,TRUE,"",-1,"<0.05",0.05,TRUE,"",-1,NA,NA,FALSE,NA,NA,"10.3",10.3,FALSE,"",10.3,"<0.05",0.05,TRUE,"",-1,"322681",2022-09-20 11:09:00,"City of Billings",45.71183,-108.72039,"DITCH OR CANAL",NA,"Canal","purple",21,"black",2
"64","325490_2023-03-20","2.73",2.73,FALSE,"",2.73,"0.02",0.02,FALSE,"",0.02,"2.75",2.75,FALSE,"",2.75,"26",26,FALSE,"",26,"<0.01",0.01,TRUE,"",-1,"325490",2023-03-20 12:19:00,"Energy Labs",45.69694,-108.68209,"DRAIN",NA,"Canal","purple",21,"black",2
"65","320186_2022-09-13","9.1",9.1,FALSE,"",9.1,"<0.05",0.05,TRUE,"",-1,NA,NA,FALSE,NA,NA,"101.3",101.3,FALSE,"",101.3,"<0.05",0.05,TRUE,"",-1,"320186",2022-09-13 14:35:00,"City of Billings",45.78051,-108.55337,"SPRING","112YRT3","Spring","yellow",24,"black",2
"66","320186_2023-01-04","4.58",4.58,FALSE,"",4.58,"<0.05",0.05,TRUE,"",-1,"4.58",4.58,FALSE,"",4.58,"33.38",33.38,FALSE,"",33.38,"<0.05",0.05,TRUE,"",-1,"320186",2023-01-04 13:18:00,"City of Billings",45.78051,-108.55337,"SPRING","112YRT3","Spring","yellow",24,"black",2
"67","320186_2023-03-02","4.55",4.55,FALSE,"",4.55,"<0.01",0.01,TRUE,"",-1,"4.55",4.55,FALSE,"",4.55,"29",29,FALSE,"",29,"<0.01",0.01,TRUE,"",-1,"320186",2023-03-02 10:47:00,"Energy Labs",45.78051,-108.55337,"SPRING","112YRT3","Spring","yellow",24,"black",2
"68","320186_2023-03-14","4.680",4.68,FALSE,"",4.68,"<0.010 U",0.01,TRUE," U",-1,"4.240",4.24,FALSE,"",4.24,"34.620",34.62,FALSE,"",34.62,"106.000",0.106,FALSE,"",106,"320186",2023-03-14 14:29:00,"MBMG",45.78051,-108.55337,"SPRING","112YRT3","Spring","yellow",24,"black",2
"69","320186_2023-04-11","4.69",4.69,FALSE,"",4.69,"<0.01",0.01,TRUE,"",-1,"4.69",4.69,FALSE,"",4.69,"31",31,FALSE,"",31,"<0.01",0.01,TRUE,"",-1,"320186",2023-04-11 12:27:00,"Energy Labs",45.78051,-108.55337,"SPRING","112YRT3","Spring","yellow",24,"black",2
"70","320186_2023-05-09","4.21",4.21,FALSE,"",4.21,"<0.01",0.01,TRUE,"",-1,"4.21",4.21,FALSE,"",4.21,"28",28,FALSE,"",28,"<0.01",0.01,TRUE,"",-1,"320186",2023-05-09 09:41:00,"Energy Labs",45.78051,-108.55337,"SPRING","112YRT3","Spring","yellow",24,"black",2
"71","320186_2023-07-06","3.98",3.98,FALSE,"",3.98,"<0.01",0.01,TRUE,"",-1,"3.98",3.98,FALSE,"",3.98,"29",29,FALSE,"",29,"<0.01",0.01,TRUE,"",-1,"320186",2023-07-06 13:00:00,"Energy Labs",45.78051,-108.55337,"SPRING","112YRT3","Spring","yellow",24,"black",2
"72","320186_2023-08-29","1.990",1.99,FALSE,"",1.99,"0.030 J",0.03,FALSE," J",0.03,"2.040",2.04,FALSE,"",2.04,"20.240",20.24,FALSE,"",20.24,"60.000",0.06,FALSE,"",60,"320186",2023-08-29 09:20:00,"MBMG",45.78051,-108.55337,"SPRING","112YRT3","Spring","yellow",24,"black",2
"73","320186_2024-01-25","4.43",4.43,FALSE,"",4.43,"<0.05",0.05,TRUE,"",-1,NA,NA,FALSE,NA,NA,"33.5",33.5,FALSE,"",33.5,"<0.05",0.05,TRUE,"",-1,"320186",2024-01-25 10:20:00,"City of Billings",45.78051,-108.55337,"SPRING","112YRT3","Spring","yellow",24,"black",2
"74","10401_2022-10-27","1.75",1.75,FALSE,"",1.75,"0.05",0.05,FALSE,"",0.05,"1.8",1.8,FALSE,"",1.8,"10",10,FALSE,"",10,"<0.01",0.01,TRUE,"",-1,"10401",2022-10-27 13:00:00,"Energy Labs",45.7883,-108.6944,"WELL","111ALVM","Quaternary","khaki3",22,"black",2
"75","11502_2022-09-16","<0.05",0.05,TRUE,"",-1,"<0.05",0.05,TRUE,"",-1,NA,NA,FALSE,NA,NA,"78.4",78.4,FALSE,"",78.4,"0.22",0.22,FALSE,"",0.22,"11502",2022-09-16 11:05:00,"City of Billings",45.7921,-108.49851,"WELL","112YRT2","Quaternary","khaki3",22,"black",2
"76","120125_2022-09-29","4.56",4.56,FALSE,"",4.56,"<0.05",0.05,TRUE,"",-1,NA,NA,FALSE,NA,NA,"84.4",84.4,FALSE,"",84.4,"0.3",0.3,FALSE,"",0.3,"120125",2022-09-29 11:12:00,"City of Billings",45.764461,-108.511749,"WELL","111TRRC","Quaternary","khaki3",22,"black",2
"77","120314_2022-09-04","5.4",5.4,FALSE,"",5.4,"<0.05",0.05,TRUE,"",-1,NA,NA,FALSE,NA,NA,"22.7",22.7,FALSE,"",22.7,"<0.05",0.05,TRUE,"",-1,"120314",2022-09-04 22:45:00,"City of Billings",45.79576,-108.6121,"WELL","112YRT3","Quaternary","khaki3",22,"black",2
"78","121818_2022-09-15","8.68",8.68,FALSE,"",8.68,"<0.05",0.05,TRUE,"",-1,NA,NA,FALSE,NA,NA,"122.5",122.5,FALSE,"",122.5,"0.3",0.3,FALSE,"",0.3,"121818",2022-09-15 09:35:00,"City of Billings",45.77001,-108.54067,"WELL","112YRT2","Quaternary","khaki3",22,"black",2
"79","125039_2022-09-29","1.32",1.32,FALSE,"",1.32,"<0.05",0.05,TRUE,"",-1,NA,NA,FALSE,NA,NA,"13",13,FALSE,"",13,"<0.05",0.05,TRUE,"",-1,"125039",2022-09-29 10:18:00,"City of Billings",45.790456,-108.534084,"WELL","111ALVM","Quaternary","khaki3",22,"black",2
"80","130298_2022-10-27","1.35",1.35,FALSE,"",1.35,"<0.01",0.01,TRUE,"",-1,"1.35",1.35,FALSE,"",1.35,"51",51,FALSE,"",51,"0.1",0.1,FALSE,"",0.1,"130298",2022-10-27 09:37:00,"Energy Labs",45.791,-108.52684,"WELL","112YRT3","Quaternary","khaki3",22,"black",2
"81","130298_2023-01-04","0.26",0.26,FALSE,"",0.26,"<0.05",0.05,TRUE,"",-1,"0.26",0.26,FALSE,"",0.26,"440.75",440.75,FALSE,"",440.75,"0.09",0.09,FALSE,"",0.09,"130298",2023-01-04 10:30:00,"City of Billings",45.791,-108.52684,"WELL","112YRT3","Quaternary","khaki3",22,"black",2
"82","130298_2023-03-02","0.3",0.3,FALSE,"",0.3,"<0.01",0.01,TRUE,"",-1,"0.3",0.3,FALSE,"",0.3,"154",154,FALSE,"",154,"<0.01",0.01,TRUE,"",-1,"130298",2023-03-02 10:30:00,"Energy Labs",45.791,-108.52684,"WELL","112YRT3","Quaternary","khaki3",22,"black",2
"83","130298_2023-03-22","0.780",0.78,FALSE,"",0.78,"<0.010 U",0.01,TRUE," U",-1,"0.700",0.7,FALSE,"",0.7,"50.830",50.83,FALSE,"",50.83,"72.000",0.072,FALSE,"",72,"130298",2023-03-22 17:58:00,"MBMG",45.791,-108.52684,"WELL","112YRT3","Quaternary","khaki3",22,"black",2
"84","130298_2023-05-09","0.65",0.65,FALSE,"",0.65,"0.01",0.01,FALSE,"",0.01,"0.66",0.66,FALSE,"",0.66,"72",72,FALSE,"",72,"<0.01",0.01,TRUE,"",-1,"130298",2023-05-09 10:00:00,"Energy Labs",45.791,-108.52684,"WELL","112YRT3","Quaternary","khaki3",22,"black",2
"85","130298_2023-07-06","0.68",0.68,FALSE,"",0.68,"<0.01",0.01,TRUE,"",-1,"0.68",0.68,FALSE,"",0.68,"99",99,FALSE,"",99,"<0.01",0.01,TRUE,"",-1,"130298",2023-07-06 10:05:00,"Energy Labs",45.791,-108.52684,"WELL","112YRT3","Quaternary","khaki3",22,"black",2
"86","130298_2023-08-30","1.580",1.58,FALSE,"",1.58,"0.030 J",0.03,FALSE," J",0.03,"1.530",1.53,FALSE,"",1.53,"47.910",47.91,FALSE,"",47.91,"82.000",0.082,FALSE,"",82,"130298",2023-08-30 15:40:00,"MBMG",45.791,-108.52684,"WELL","112YRT3","Quaternary","khaki3",22,"black",2
"87","132564_2023-06-05","11.1",11.1,FALSE,"",11.1,"<0.01",0.01,TRUE,"",-1,"11.1",11.1,FALSE,"",11.1,"22",22,FALSE,"",22,"<0.01",0.01,TRUE,"",-1,"132564",2023-06-05 13:30:00,"Energy Labs",45.7122,-108.6373,"WELL","112TRRC","Quaternary","khaki3",22,"black",2
"88","132564_2023-09-13","10.320",10.32,FALSE,"",10.32,"<0.010 U",0.01,TRUE," U",-1,"8.450",8.45,FALSE,"",8.45,"22.540",22.54,FALSE,"",22.54,"82.000",0.082,FALSE,"",82,"132564",2023-09-13 16:00:00,"MBMG",45.7122,-108.6373,"WELL","112TRRC","Quaternary","khaki3",22,"black",2
"89","144832_2022-11-01","1.24",1.24,FALSE,"",1.24,"<0.01",0.01,TRUE,"",-1,"1.24",1.24,FALSE,"",1.24,"7.0",7,FALSE,"",7,"<0.01",0.01,TRUE,"",-1,"144832",2022-11-01 15:28:00,"Energy Labs",45.73325,-108.6268,"WELL","112YRT2","Quaternary","khaki3",22,"black",2
"90","150052_2022-10-27","4.31",4.31,FALSE,"",4.31,"<0.01",0.01,TRUE,"",-1,"4.31",4.31,FALSE,"",4.31,"51",51,FALSE,"",51,"0.3",0.3,FALSE,"",0.3,"150052",2022-10-27 13:20:00,"Energy Labs",45.7955,-108.68514,"WELL","111ALVF","Quaternary","khaki3",22,"black",2
"91","150052_2023-02-07","2.38",2.38,FALSE,"",2.38,"<0.05",0.05,TRUE,"",-1,"2.38",2.38,FALSE,"",2.38,"49.7",49.7,FALSE,"",49.7,"0.3",0.3,FALSE,"",0.3,"150052",2023-02-07 09:27:00,"City of Billings",45.7955,-108.68514,"WELL","111ALVF","Quaternary","khaki3",22,"black",2
"92","150052_2023-03-22","2.060",2.06,FALSE,"",2.06,"<0.050 U",0.05,TRUE," U",-1,"1.930",1.93,FALSE,"",1.93,"45.330",45.33,FALSE,"",45.33,"353.000",0.353,FALSE,"",353,"150052",2023-03-22 18:49:00,"MBMG",45.7955,-108.68514,"WELL","111ALVF","Quaternary","khaki3",22,"black",2
"93","150052_2023-06-09","2.23",2.23,FALSE,"",2.23,"<0.01",0.01,TRUE,"",-1,"2.23",2.23,FALSE,"",2.23,"41",41,FALSE,"",41,"0.3",0.3,FALSE,"",0.3,"150052",2023-06-09 09:20:00,"Energy Labs",45.7955,-108.68514,"WELL","111ALVF","Quaternary","khaki3",22,"black",2
"94","150052_2023-08-03","3.06",3.06,FALSE,"",3.06,"<0.01",0.01,TRUE,"",-1,"3.06",3.06,FALSE,"",3.06,"56",56,FALSE,"",56,"0.3",0.3,FALSE,"",0.3,"150052",2023-08-03,"Energy Labs",45.7955,-108.68514,"WELL","111ALVF","Quaternary","khaki3",22,"black",2
"95","150052_2023-08-30","2.960",2.96,FALSE,"",2.96,"<0.050 U",0.05,TRUE," U",-1,"2.670",2.67,FALSE,"",2.67,"50.280",50.28,FALSE,"",50.28,"344.000",0.344,FALSE,"",344,"150052",2023-08-30 17:24:00,"MBMG",45.7955,-108.68514,"WELL","111ALVF","Quaternary","khaki3",22,"black",2
"96","158589_2023-03-24","11.120",11.12,FALSE,"",11.12,"<0.010 U",0.01,TRUE," U",-1,"8.970",8.97,FALSE,"",8.97,"140.100",140.1,FALSE,"",140.1,"156.000",0.156,FALSE,"",156,"158589",2023-03-24 13:50:00,"MBMG",45.705102,-108.644155,"WELL","111ALVM","Quaternary","khaki3",22,"black",2
"97","158589_2023-08-31","14.350",14.35,FALSE,"",14.35,"<0.010 U",0.01,TRUE," U",-1,"12.300",12.3,FALSE,"",12.3,"136.600",136.6,FALSE,"",136.6,"135.000",0.135,FALSE,"",135,"158589",2023-08-31 11:00:00,"MBMG",45.705102,-108.644155,"WELL","111ALVM","Quaternary","khaki3",22,"black",2
"98","158590_2022-09-01","0.65",0.65,FALSE,"",0.65,"<0.05",0.05,TRUE,"",-1,"0.65",0.65,FALSE,"",0.65,"11.05",11.05,FALSE,"",11.05,"<0.05",0.05,TRUE,"",-1,"158590",2022-09-01 10:44:00,"City of Billings",45.76429,-108.68169,"WELL","111ALVM","Quaternary","khaki3",22,"black",2
"99","158590_2022-10-03","0.75",0.75,FALSE,"",0.75,"<0.05",0.05,TRUE,"",-1,NA,NA,FALSE,NA,NA,"11.8",11.8,FALSE,"",11.8,"0.07",0.07,FALSE,"",0.07,"158590",2022-10-03 13:50:00,"City of Billings",45.76429,-108.68169,"WELL","111ALVM","Quaternary","khaki3",22,"black",2
"100","158590_2023-02-07","4.33",4.33,FALSE,"",4.33,"<0.05",0.05,TRUE,"",-1,"4.33",4.33,FALSE,"",4.33,"25.45",25.45,FALSE,"",25.45,"0.19",0.19,FALSE,"",0.19,"158590",2023-02-07 10:17:00,"City of Billings",45.76429,-108.68169,"WELL","111ALVM","Quaternary","khaki3",22,"black",2
"101","158590_2023-03-23","4.340",4.34,FALSE,"",4.34,"<0.050 U",0.05,TRUE," U",-1,"4.070",4.07,FALSE,"",4.07,"24.300",24.3,FALSE,"",24.3,"302.000",0.302,FALSE,"",302,"158590",2023-03-23 17:34:00,"MBMG",45.76429,-108.68169,"WELL","111ALVM","Quaternary","khaki3",22,"black",2
"102","158590_2023-06-09","1.3",1.3,FALSE,"",1.3,"<0.01",0.01,TRUE,"",-1,"1.3",1.3,FALSE,"",1.3,"26",26,FALSE,"",26,"0.2",0.2,FALSE,"",0.2,"158590",2023-06-09 10:20:00,"Energy Labs",45.76429,-108.68169,"WELL","111ALVM","Quaternary","khaki3",22,"black",2
"103","158590_2023-08-03","0.64",0.64,FALSE,"",0.64,"<0.01",0.01,TRUE,"",-1,"0.64",0.64,FALSE,"",0.64,"13",13,FALSE,"",13,"0.1",0.1,FALSE,"",0.1,"158590",2023-08-03,"Energy Labs",45.76429,-108.68169,"WELL","111ALVM","Quaternary","khaki3",22,"black",2
"104","158590_2023-08-30","0.590",0.59,FALSE,"",0.59,"<0.010 U",0.01,TRUE," U",-1,"0.610",0.61,FALSE,"",0.61,"15.220",15.22,FALSE,"",15.22,"139.000",0.139,FALSE,"",139,"158590",2023-08-30 18:30:00,"MBMG",45.76429,-108.68169,"WELL","111ALVM","Quaternary","khaki3",22,"black",2
"105","158606_2023-04-11","3.870",3.87,FALSE,"",3.87,"<0.010 U",0.01,TRUE," U",-1,"3.300",3.3,FALSE,"",3.3,"31.180",31.18,FALSE,"",31.18,"66.000",0.066,FALSE,"",66,"158606",2023-04-11 15:53:00,"MBMG",45.686049913,-108.726798007,"WELL","111TRRC","Quaternary","khaki3",22,"black",2
"106","160981_2022-09-29","5.64",5.64,FALSE,"",5.64,"<0.05",0.05,TRUE,"",-1,NA,NA,FALSE,NA,NA,"68.8",68.8,FALSE,"",68.8,"0.1",0.1,FALSE,"",0.1,"160981",2022-09-29 12:06:00,"City of Billings",45.773296,-108.574729,"WELL","111TRRC","Quaternary","khaki3",22,"black",2
"107","171248_2022-10-26","0.02",0.02,FALSE,"",0.02,"0.04",0.04,FALSE,"",0.04,"0.06",0.06,FALSE,"",0.06,"24",24,FALSE,"",24,"0.4",0.4,FALSE,"",0.4,"171248",2022-10-26 14:13:00,"Energy Labs",45.72178,-108.6792,"WELL","112YRT3","Quaternary","khaki3",22,"black",2
"108","171251_2022-10-26","0.79",0.79,FALSE,"",0.79,"<0.01",0.01,TRUE,"",-1,"0.79",0.79,FALSE,"",0.79,"27",27,FALSE,"",27,"0.1",0.1,FALSE,"",0.1,"171251",2022-10-26 13:20:00,"Energy Labs",45.73322,-108.63839,"WELL","112YRT2","Quaternary","khaki3",22,"black",2
"109","171251_2023-04-10","0.640",0.64,FALSE,"",0.64,"<0.010 U",0.01,TRUE," U",-1,"0.550",0.55,FALSE,"",0.55,"25.960",25.96,FALSE,"",25.96,"117.000",0.117,FALSE,"",117,"171251",2023-04-10 18:37:00,"MBMG",45.73322,-108.63839,"WELL","112YRT2","Quaternary","khaki3",22,"black",2
"110","171251_2023-09-07","0.640",0.64,FALSE,"",0.64,"<0.010 U",0.01,TRUE," U",-1,"0.560",0.56,FALSE,"",0.56,"25.880",25.88,FALSE,"",25.88,"108.000",0.108,FALSE,"",108,"171251",2023-09-07 10:20:00,"MBMG",45.73322,-108.63839,"WELL","112YRT2","Quaternary","khaki3",22,"black",2
"111","171252_2022-10-26","4.49",4.49,FALSE,"",4.49,"<0.01",0.01,TRUE,"",-1,"4.49",4.49,FALSE,"",4.49,"107",107,FALSE,"",107,"0.2",0.2,FALSE,"",0.2,"171252",2022-10-26 13:02:00,"Energy Labs",45.73322,-108.63837,"WELL","112YRT3","Quaternary","khaki3",22,"black",2
"112","171252_2023-04-10","2.930",2.93,FALSE,"",2.93,"<0.050 U",0.05,TRUE," U",-1,"2.750",2.75,FALSE,"",2.75,"168.300",168.3,FALSE,"",168.3,"319.000",0.319,FALSE,"",319,"171252",2023-04-10 17:29:00,"MBMG",45.73322,-108.63837,"WELL","112YRT3","Quaternary","khaki3",22,"black",2
"113","171252_2023-09-07","5.290",5.29,FALSE,"",5.29,"<0.050 U",0.05,TRUE," U",-1,"4.920",4.92,FALSE,"",4.92,"114.000",114,FALSE,"",114,"283.000",0.283,FALSE,"",283,"171252",2023-09-07 10:20:00,"MBMG",45.73322,-108.63837,"WELL","112YRT3","Quaternary","khaki3",22,"black",2
"114","171253_2022-10-27","3.61",3.61,FALSE,"",3.61,"0.04",0.04,FALSE,"",0.04,"3.65",3.65,FALSE,"",3.65,"10",10,FALSE,"",10,"<0.01",0.01,TRUE,"",-1,"171253",2022-10-27 11:46:00,"Energy Labs",45.69699,-108.65226,"WELL","110YRT1","Quaternary","khaki3",22,"black",2
"115","171253_2023-03-24","3.140",3.14,FALSE,"",3.14,"0.050",0.05,FALSE,"",0.05,"2.660",2.66,FALSE,"",2.66,"8.650",8.65,FALSE,"",8.65,"77.000",0.077,FALSE,"",77,"171253",2023-03-24 18:30:00,"MBMG",45.69699,-108.65226,"WELL","110YRT1","Quaternary","khaki3",22,"black",2
"116","171253_2023-08-31","2.800",2.8,FALSE,"",2.8,"0.060",0.06,FALSE,"",0.06,"2.510",2.51,FALSE,"",2.51,"13.180",13.18,FALSE,"",13.18,"86.000",0.086,FALSE,"",86,"171253",2023-08-31 18:00:00,"MBMG",45.69699,-108.65226,"WELL","110YRT1","Quaternary","khaki3",22,"black",2
"117","171258_2022-10-27","3.1",3.1,FALSE,"",3.1,"<0.01",0.01,TRUE,"",-1,"3.1",3.1,FALSE,"",3.1,"17",17,FALSE,"",17,"0.1",0.1,FALSE,"",0.1,"171258",2022-10-27 14:06:00,"Energy Labs",45.72025,-108.5968,"WELL","112YRT2","Quaternary","khaki3",22,"black",2
"118","171258_2023-08-31","2.420",2.42,FALSE,"",2.42,"<0.010 U",0.01,TRUE," U",-1,"2.230",2.23,FALSE,"",2.23,"20.080",20.08,FALSE,"",20.08,"107.000",0.107,FALSE,"",107,"171258",2023-08-31 16:00:00,"MBMG",45.72025,-108.5968,"WELL","112YRT2","Quaternary","khaki3",22,"black",2
"119","171349_2022-10-27","11.7",11.7,FALSE,"",11.7,"<0.01",0.01,TRUE,"",-1,"11.7",11.7,FALSE,"",11.7,"67",67,FALSE,"",67,"0.5",0.5,FALSE,"",0.5,"171349",2022-10-27 13:31:00,"Energy Labs",45.79667700075,-108.6863011745,"WELL","112TRRC","Quaternary","khaki3",22,"black",2
"120","171349_2023-02-07","9.97",9.97,FALSE,"",9.97,"<0.05",0.05,TRUE,"",-1,"9.97",9.97,FALSE,"",9.97,"61.1",61.1,FALSE,"",61.1,"0.48",0.48,FALSE,"",0.48,"171349",2023-02-07 09:35:00,"City of Billings",45.79667700075,-108.6863011745,"WELL","112TRRC","Quaternary","khaki3",22,"black",2
"121","171349_2023-03-22","8.850",8.85,FALSE,"",8.85,"<0.050 U",0.05,TRUE," U",-1,"8.000",8,FALSE,"",8,"62.640",62.64,FALSE,"",62.64,"497.000",0.497,FALSE,"",497,"171349",2023-03-22 07:26:00,"MBMG",45.79667700075,-108.6863011745,"WELL","112TRRC","Quaternary","khaki3",22,"black",2
"122","171349_2023-06-09","9.35",9.35,FALSE,"",9.35,"<0.01",0.01,TRUE,"",-1,"9.35",9.35,FALSE,"",9.35,"54",54,FALSE,"",54,"0.4",0.4,FALSE,"",0.4,"171349",2023-06-09 09:40:00,"Energy Labs",45.79667700075,-108.6863011745,"WELL","112TRRC","Quaternary","khaki3",22,"black",2
"123","171349_2023-08-03","9.26",9.26,FALSE,"",9.26,"0.33",0.33,FALSE,"",0.33,"9.59",9.59,FALSE,"",9.59,"55",55,FALSE,"",55,"0.4",0.4,FALSE,"",0.4,"171349",2023-08-03,"Energy Labs",45.79667700075,-108.6863011745,"WELL","112TRRC","Quaternary","khaki3",22,"black",2
"124","171349_2023-08-30","7.460",7.46,FALSE,"",7.46,"0.440",0.44,FALSE,"",0.44,"7.730",7.73,FALSE,"",7.73,"55.760",55.76,FALSE,"",55.76,"431.000",0.431,FALSE,"",431,"171349",2023-08-30 16:45:00,"MBMG",45.79667700075,-108.6863011745,"WELL","112TRRC","Quaternary","khaki3",22,"black",2
"125","185043_2022-10-26","0.1",0.1,FALSE,"",0.1,"<0.01",0.01,TRUE,"",-1,"0.1",0.1,FALSE,"",0.1,"136",136,FALSE,"",136,"0.3",0.3,FALSE,"",0.3,"185043",2022-10-26 11:50:00,"Energy Labs",45.7405,-108.62747,"WELL","112YRT3","Quaternary","khaki3",22,"black",2
"126","185043_2023-03-29","0.340",0.34,FALSE,"",0.34,"<0.050 U",0.05,TRUE," U",-1,"<0.200 U",0.2,TRUE," U",-1,"124.000",124,FALSE,"",124,"356.000",0.356,FALSE,"",356,"185043",2023-03-29 14:33:00,"MBMG",45.7405,-108.62747,"WELL","112YRT3","Quaternary","khaki3",22,"black",2
"127","185043_2023-09-07","0.180",0.18,FALSE,"",0.18,"<0.010 U",0.01,TRUE," U",-1,"0.420",0.42,FALSE,"",0.42,"154.730",154.73,FALSE,"",154.73,"515.000",0.515,FALSE,"",515,"185043",2023-09-07 14:30:00,"MBMG",45.7405,-108.62747,"WELL","112YRT3","Quaternary","khaki3",22,"black",2
"128","185045_2022-10-26","8.9",8.9,FALSE,"",8.9,"<0.01",0.01,TRUE,"",-1,"8.9",8.9,FALSE,"",8.9,"60",60,FALSE,"",60,"0.1",0.1,FALSE,"",0.1,"185045",2022-10-26 12:32:00,"Energy Labs",45.74418,-108.63793,"WELL","112YRT3","Quaternary","khaki3",22,"black",2
"129","185045_2023-03-29","10.390",10.39,FALSE,"",10.39,"<0.010 U",0.01,TRUE," U",-1,"8.650",8.65,FALSE,"",8.65,"67.430",67.43,FALSE,"",67.43,"148.000",0.148,FALSE,"",148,"185045",2023-03-29 12:30:00,"MBMG",45.74418,-108.63793,"WELL","112YRT3","Quaternary","khaki3",22,"black",2
"130","185045_2023-09-07","11.610",11.61,FALSE,"",11.61,"<0.010 U",0.01,TRUE," U",-1,"10.600",10.6,FALSE,"",10.6,"68.310",68.31,FALSE,"",68.31,"145.000",0.145,FALSE,"",145,"185045",2023-09-07 15:16:00,"MBMG",45.74418,-108.63793,"WELL","112YRT3","Quaternary","khaki3",22,"black",2
"131","195672_2022-09-14","3.74",3.74,FALSE,"",3.74,"<0.05",0.05,TRUE,"",-1,"4.31",4.31,FALSE,"",4.31,"37.1",37.1,FALSE,"",37.1,"0.1",0.1,FALSE,"",0.1,"195672",2022-09-14 13:00:00,"City of Billings",45.77154,-108.58706,"WELL","112YRT3","Quaternary","khaki3",22,"black",2
"132","203739_2022-11-28","0.22",0.22,FALSE,"",0.22,"<0.01",0.01,TRUE,"",-1,"0.22",0.22,FALSE,"",0.22,"10",10,FALSE,"",10,"<0.01",0.01,TRUE,"",-1,"203739",2022-11-28,"Energy Labs",45.79255,-108.52955,"WELL","112YRT3","Quaternary","khaki3",22,"black",2
"133","210785_2022-10-26","8.05",8.05,FALSE,"",8.05,"0.02",0.02,FALSE,"",0.02,"8.07",8.07,FALSE,"",8.07,"55",55,FALSE,"",55,"0.2",0.2,FALSE,"",0.2,"210785",2022-10-26 15:02:00,"Energy Labs",45.69224,-108.69862,"WELL","112YRT3","Quaternary","khaki3",22,"black",2
"134","210785_2023-02-07","0.84",0.84,FALSE,"",0.84,"<0.05",0.05,TRUE,"",-1,"0.84",0.84,FALSE,"",0.84,"53.12",53.12,FALSE,"",53.12,"0.13",0.13,FALSE,"",0.13,"210785",2023-02-07 11:52:00,"City of Billings",45.69224,-108.69862,"WELL","112YRT3","Quaternary","khaki3",22,"black",2
"135","210785_2023-03-24","0.070",0.07,FALSE,"",0.07,"<0.010 U",0.01,TRUE," U",-1,"<0.200 U",0.2,TRUE," U",-1,"57.690",57.69,FALSE,"",57.69,"160.000",0.16,FALSE,"",160,"210785",2023-03-24 16:08:00,"MBMG",45.69224,-108.69862,"WELL","112YRT3","Quaternary","khaki3",22,"black",2
"136","210785_2023-06-05","0.02",0.02,FALSE,"",0.02,"<0.01",0.01,TRUE,"",-1,"0.02",0.02,FALSE,"",0.02,"56",56,FALSE,"",56,"0.2",0.2,FALSE,"",0.2,"210785",2023-06-05 16:15:00,"Energy Labs",45.69224,-108.69862,"WELL","112YRT3","Quaternary","khaki3",22,"black",2
"137","210785_2023-08-03","11.9",11.9,FALSE,"",11.9,"0.05",0.05,FALSE,"",0.05,"11.9",11.9,FALSE,"",11.9,"43",43,FALSE,"",43,"0.1",0.1,FALSE,"",0.1,"210785",2023-08-03,"Energy Labs",45.69224,-108.69862,"WELL","112YRT3","Quaternary","khaki3",22,"black",2
"138","210785_2023-08-30","5.530",5.53,FALSE,"",5.53,"0.050 J",0.05,FALSE," J",0.05,"5.180",5.18,FALSE,"",5.18,"43.150",43.15,FALSE,"",43.15,"125.000",0.125,FALSE,"",125,"210785",2023-08-30 14:45:00,"MBMG",45.69224,-108.69862,"WELL","112YRT3","Quaternary","khaki3",22,"black",2
"139","240036_2022-09-05","3.8",3.8,FALSE,"",3.8,"<0.05",0.05,TRUE,"",-1,NA,NA,FALSE,NA,NA,"83.9",83.9,FALSE,"",83.9,"<0.05",0.05,TRUE,"",-1,"240036",2022-09-05 01:06:00,"City of Billings",45.76734,-108.5153,"WELL","112YRT2","Quaternary","khaki3",22,"black",2
"140","252439_2022-10-03","6.72",6.72,FALSE,"",6.72,"<0.05",0.05,TRUE,"",-1,NA,NA,FALSE,NA,NA,"44",44,FALSE,"",44,"0.24",0.24,FALSE,"",0.24,"252439",2022-10-03 14:20:00,"City of Billings",45.75534,-108.68933,"WELL","112YRT3","Quaternary","khaki3",22,"black",2
"141","252439_2023-02-07","8.16",8.16,FALSE,"",8.16,"<0.05",0.05,TRUE,"",-1,"8.16",8.16,FALSE,"",8.16,"46.21",46.21,FALSE,"",46.21,"0.28",0.28,FALSE,"",0.28,"252439",2023-02-07 10:44:00,"City of Billings",45.75534,-108.68933,"WELL","112YRT3","Quaternary","khaki3",22,"black",2
"142","252439_2023-04-10","8.920",8.92,FALSE,"",8.92,"<0.050 U",0.05,TRUE," U",-1,"8.150",8.15,FALSE,"",8.15,"49.070",49.07,FALSE,"",49.07,"434.000",0.434,FALSE,"",434,"252439",2023-04-10 16:45:00,"MBMG",45.75534,-108.68933,"WELL","112YRT3","Quaternary","khaki3",22,"black",2
"143","252439_2023-06-09","10.2",10.2,FALSE,"",10.2,"<0.01",0.01,TRUE,"",-1,"10.2",10.2,FALSE,"",10.2,"49",49,FALSE,"",49,"0.4",0.4,FALSE,"",0.4,"252439",2023-06-09 10:40:00,"Energy Labs",45.75534,-108.68933,"WELL","112YRT3","Quaternary","khaki3",22,"black",2
"144","252439_2023-08-03","8.25",8.25,FALSE,"",8.25,"0.01",0.01,FALSE,"",0.01,"8.3",8.3,FALSE,"",8.3,"41",41,FALSE,"",41,"0.3",0.3,FALSE,"",0.3,"252439",2023-08-03,"Energy Labs",45.75534,-108.68933,"WELL","112YRT3","Quaternary","khaki3",22,"black",2
"145","252439_2023-08-30","6.790",6.79,FALSE,"",6.79,"<0.050 U",0.05,TRUE," U",-1,"6.920",6.92,FALSE,"",6.92,"42.460",42.46,FALSE,"",42.46,"304.000",0.304,FALSE,"",304,"252439",2023-08-30 07:00:00,"MBMG",45.75534,-108.68933,"WELL","112YRT3","Quaternary","khaki3",22,"black",2
"146","252457_2022-10-03","9.74",9.74,FALSE,"",9.74,"<0.05",0.05,TRUE,"",-1,NA,NA,FALSE,NA,NA,"42.8",42.8,FALSE,"",42.8,"0.23",0.23,FALSE,"",0.23,"252457",2022-10-03 13:19:00,"City of Billings",45.75878,-108.65837,"WELL","","Quaternary","khaki3",22,"black",2
"147","252457_2023-01-04","10.15",10.15,FALSE,"",10.15,"<0.05",0.05,TRUE,"",-1,"10.15",10.15,FALSE,"",10.15,"42.4",42.4,FALSE,"",42.4,"0.25",0.25,FALSE,"",0.25,"252457",2023-01-04 12:02:00,"City of Billings",45.75878,-108.65837,"WELL","","Quaternary","khaki3",22,"black",2
"148","252457_2023-03-02","10.2",10.2,FALSE,"",10.2,"<0.01",0.01,TRUE,"",-1,"10.2",10.2,FALSE,"",10.2,"39",39,FALSE,"",39,"0.2",0.2,FALSE,"",0.2,"252457",2023-03-02 11:18:00,"Energy Labs",45.75878,-108.65837,"WELL","","Quaternary","khaki3",22,"black",2
"149","252457_2023-05-09","9.87",9.87,FALSE,"",9.87,"<0.01",0.01,TRUE,"",-1,"9.87",9.87,FALSE,"",9.87,"40",40,FALSE,"",40,"0.3",0.3,FALSE,"",0.3,"252457",2023-05-09 11:41:00,"Energy Labs",45.75878,-108.65837,"WELL","","Quaternary","khaki3",22,"black",2
"150","252457_2023-07-06","10.1",10.1,FALSE,"",10.1,"<0.01",0.01,TRUE,"",-1,"10.1",10.1,FALSE,"",10.1,"36",36,FALSE,"",36,"<0.01",0.01,TRUE,"",-1,"252457",2023-07-06 13:00:00,"Energy Labs",45.75878,-108.65837,"WELL","","Quaternary","khaki3",22,"black",2
"151","252461_2023-03-23","10.400",10.4,FALSE,"",10.4,"<0.050 U",0.05,TRUE," U",-1,"9.040",9.04,FALSE,"",9.04,"43.980",43.98,FALSE,"",43.98,"319.000",0.319,FALSE,"",319,"252461",2023-03-23 13:22:00,"MBMG",45.75878,-108.65837,"WELL","112YRT3","Quaternary","khaki3",22,"black",2
"152","259772_2022-09-28","4.14",4.14,FALSE,"",4.14,"<0.05",0.05,TRUE,"",-1,NA,NA,FALSE,NA,NA,"103.4",103.4,FALSE,"",103.4,"0.1",0.1,FALSE,"",0.1,"259772",2022-09-28 08:40:00,"City of Billings",45.770865,-108.608453,"WELL","112YRT3","Quaternary","khaki3",22,"black",2
"153","259781_2022-09-04","2.7",2.7,FALSE,"",2.7,"<0.05",0.05,TRUE,"",-1,NA,NA,FALSE,NA,NA,"22.6",22.6,FALSE,"",22.6,"<0.05",0.05,TRUE,"",-1,"259781",2022-09-04 23:45:00,"City of Billings",45.7809,-108.59268,"WELL","112YRT3","Quaternary","khaki3",22,"black",2
"154","263104_2022-10-04","5.06",5.06,FALSE,"",5.06,"<0.05",0.05,TRUE,"",-1,NA,NA,FALSE,NA,NA,"92.2",92.2,FALSE,"",92.2,"0.27",0.27,FALSE,"",0.27,"263104",2022-10-04 11:19:00,"City of Billings",45.68762,-108.70275,"WELL","112YRT2","Quaternary","khaki3",22,"black",2
"155","263104_2023-02-07","4.71",4.71,FALSE,"",4.71,"<0.05",0.05,TRUE,"",-1,"4.71",4.71,FALSE,"",4.71,"116.87",116.87,FALSE,"",116.87,"0.33",0.33,FALSE,"",0.33,"263104",2023-02-07 12:00:00,"City of Billings",45.68762,-108.70275,"WELL","112YRT2","Quaternary","khaki3",22,"black",2
"156","263104_2023-03-24","4.850",4.85,FALSE,"",4.85,"<0.010 U",0.01,TRUE," U",-1,"4.110",4.11,FALSE,"",4.11,"99.120",99.12,FALSE,"",99.12,"297.000",0.297,FALSE,"",297,"263104",2023-03-24 15:15:00,"MBMG",45.68762,-108.70275,"WELL","112YRT2","Quaternary","khaki3",22,"black",2
"157","263104_2023-06-05","4.52",4.52,FALSE,"",4.52,"<0.01",0.01,TRUE,"",-1,"4.52",4.52,FALSE,"",4.52,"117",117,FALSE,"",117,"0.4",0.4,FALSE,"",0.4,"263104",2023-06-05 15:45:00,"Energy Labs",45.68762,-108.70275,"WELL","112YRT2","Quaternary","khaki3",22,"black",2
"158","263104_2023-08-03","3.41",3.41,FALSE,"",3.41,"<0.01",0.01,TRUE,"",-1,"3.41",3.41,FALSE,"",3.41,"136",136,FALSE,"",136,"0.4",0.4,FALSE,"",0.4,"263104",2023-08-03,"Energy Labs",45.68762,-108.70275,"WELL","112YRT2","Quaternary","khaki3",22,"black",2
"159","263104_2023-08-30","4.850",4.85,FALSE,"",4.85,"<0.010 U",0.01,TRUE," U",-1,"4.520",4.52,FALSE,"",4.52,"122.800",122.8,FALSE,"",122.8,"386.000",0.386,FALSE,"",386,"263104",2023-08-30 15:05:00,"MBMG",45.68762,-108.70275,"WELL","112YRT2","Quaternary","khaki3",22,"black",2
"160","269586_2022-11-07","5.8",5.8,FALSE,"",5.8,"<0.01",0.01,TRUE,"",-1,"5.8",5.8,FALSE,"",5.8,"17",17,FALSE,"",17,"<0.01",0.01,TRUE,"",-1,"269586",2022-11-07 16:36:00,"Energy Labs",45.714466666667,-108.6759,"WELL","","Quaternary","khaki3",22,"black",2
"161","276474_2022-10-26","1.09",1.09,FALSE,"",1.09,"<0.01",0.01,TRUE,"",-1,"1.09",1.09,FALSE,"",1.09,"12",12,FALSE,"",12,"<0.01",0.01,TRUE,"",-1,"276474",2022-10-26 10:41:00,"Energy Labs",45.79104,-108.5331,"WELL","112YRT3","Quaternary","khaki3",22,"black",2
"162","276477_2022-10-26","1.66",1.66,FALSE,"",1.66,"<0.01",0.01,TRUE,"",-1,"1.66",1.66,FALSE,"",1.66,"22",22,FALSE,"",22,"<0.01",0.01,TRUE,"",-1,"276477",2022-10-26 09:24:00,"Energy Labs",45.78989,-108.52835,"WELL","112YRT3","Quaternary","khaki3",22,"black",2
"163","282909_2022-09-05","3.1",3.1,FALSE,"",3.1,"<0.05",0.05,TRUE,"",-1,NA,NA,FALSE,NA,NA,"22.7",22.7,FALSE,"",22.7,"<0.05",0.05,TRUE,"",-1,"282909",2022-09-05 01:30:00,"City of Billings",45.740405555556,-108.57755,"WELL","","Quaternary","khaki3",22,"black",2
"164","284515_2022-09-29","0.22",0.22,FALSE,"",0.22,"<0.05",0.05,TRUE,"",-1,NA,NA,FALSE,NA,NA,"65.8",65.8,FALSE,"",65.8,"0.14",0.14,FALSE,"",0.14,"284515",2022-09-29 09:38:00,"City of Billings",45.786802,-108.516034,"WELL","","Quaternary","khaki3",22,"black",2
"165","287865_2023-06-05","5.34",5.34,FALSE,"",5.34,"0.02",0.02,FALSE,"",0.02,"5.36",5.36,FALSE,"",5.36,"129",129,FALSE,"",129,"0.4",0.4,FALSE,"",0.4,"287865",2023-06-05 14:30:00,"Energy Labs",45.705533,-108.62665,"WELL","","Quaternary","khaki3",22,"black",2
"166","292908_2023-04-10","0.280",0.28,FALSE,"",0.28,"<0.050 U",0.05,TRUE," U",-1,"<0.200 U",0.2,TRUE," U",-1,"201.100",201.1,FALSE,"",201.1,"492.000",0.492,FALSE,"",492,"292908",2023-04-10 07:35:00,"MBMG",45.79723,-108.48286,"WELL","112YRT2","Quaternary","khaki3",22,"black",2
"167","292908_2023-09-08","0.420",0.42,FALSE,"",0.42,"<0.050 U",0.05,TRUE," U",-1,"0.330",0.33,FALSE,"",0.33,"325.700",325.7,FALSE,"",325.7,"729.000",0.729,FALSE,"",729,"292908",2023-09-08 15:45:00,"MBMG",45.79723,-108.48286,"WELL","112YRT2","Quaternary","khaki3",22,"black",2
"168","301817_2022-10-10","3.58",3.58,FALSE,"",3.58,"<0.01",0.01,TRUE,"",-1,"3.17",3.17,FALSE,"",3.17,"22.2",22.2,FALSE,"",22.2,"0.09",0.09,FALSE,"",0.09,"301817",2022-10-10 15:21:00,"MBMG Butte, MT",45.740555555556,-108.545555555556,"WELL","","Quaternary","khaki3",22,"black",2
"169","301824_2022-09-05","0.3",0.3,FALSE,"",0.3,"<0.05",0.05,TRUE,"",-1,NA,NA,FALSE,NA,NA,"9.7",9.7,FALSE,"",9.7,"<0.05",0.05,TRUE,"",-1,"301824",2022-09-05 00:03:00,"City of Billings",45.78887,-108.56593,"WELL","112YRT3","Quaternary","khaki3",22,"black",2
"170","301824_2022-09-14","0.44",0.44,FALSE,"",0.44,"<0.05",0.05,TRUE,"",-1,"0.47",0.47,FALSE,"",0.47,"7.98",7.98,FALSE,"",7.98,"<0.05",0.05,TRUE,"",-1,"301824",2022-09-14 13:25:00,"City of Billings",45.78887,-108.56593,"WELL","112YRT3","Quaternary","khaki3",22,"black",2
"171","307527_2022-10-27","1.58",1.58,FALSE,"",1.58,"<0.01",0.01,TRUE,"",-1,"1.58",1.58,FALSE,"",1.58,"36",36,FALSE,"",36,"0.1",0.1,FALSE,"",0.1,"307527",2022-10-27 15:08:00,"Energy Labs",45.780639,-108.659667,"WELL","112YRT3","Quaternary","khaki3",22,"black",2
"172","307527_2023-01-04","2.42",2.42,FALSE,"",2.42,"<0.05",0.05,TRUE,"",-1,"2.42",2.42,FALSE,"",2.42,"29.74",29.74,FALSE,"",29.74,"0.14",0.14,FALSE,"",0.14,"307527",2023-01-04 11:44:00,"City of Billings",45.780639,-108.659667,"WELL","112YRT3","Quaternary","khaki3",22,"black",2
"173","307527_2023-03-02","1.78",1.78,FALSE,"",1.78,"0.02",0.02,FALSE,"",0.02,"1.8",1.8,FALSE,"",1.8,"66",66,FALSE,"",66,"0.4",0.4,FALSE,"",0.4,"307527",2023-03-02 12:08:00,"Energy Labs",45.780639,-108.659667,"WELL","112YRT3","Quaternary","khaki3",22,"black",2
"174","307527_2023-03-29","2.270",2.27,FALSE,"",2.27,"<0.010 U",0.01,TRUE," U",-1,"1.800",1.8,FALSE,"",1.8,"41.590",41.59,FALSE,"",41.59,"187.000",0.187,FALSE,"",187,"307527",2023-03-29 15:57:00,"MBMG",45.780639,-108.659667,"WELL","112YRT3","Quaternary","khaki3",22,"black",2
"175","307527_2023-05-09","2.29",2.29,FALSE,"",2.29,"<0.01",0.01,TRUE,"",-1,"2.29",2.29,FALSE,"",2.29,"32",32,FALSE,"",32,"0.2",0.2,FALSE,"",0.2,"307527",2023-05-09 10:42:00,"Energy Labs",45.780639,-108.659667,"WELL","112YRT3","Quaternary","khaki3",22,"black",2
"176","307527_2023-07-06","2.46",2.46,FALSE,"",2.46,"<0.01",0.01,TRUE,"",-1,"2.46",2.46,FALSE,"",2.46,"31",31,FALSE,"",31,"<0.01",0.01,TRUE,"",-1,"307527",2023-07-06 12:30:00,"Energy Labs",45.780639,-108.659667,"WELL","112YRT3","Quaternary","khaki3",22,"black",2
"177","307527_2023-09-07","1.880",1.88,FALSE,"",1.88,"<0.010 U",0.01,TRUE," U",-1,"1.630",1.63,FALSE,"",1.63,"41.180",41.18,FALSE,"",41.18,"165.000",0.165,FALSE,"",165,"307527",2023-09-07 17:00:00,"MBMG",45.780639,-108.659667,"WELL","112YRT3","Quaternary","khaki3",22,"black",2
"178","309380_2022-10-04","3.81",3.81,FALSE,"",3.81,"<0.05",0.05,TRUE,"",-1,NA,NA,FALSE,NA,NA,"38.5",38.5,FALSE,"",38.5,"<0.05",0.05,TRUE,"",-1,"309380",2022-10-04 09:43:00,"City of Billings",45.73467,-108.56881,"WELL","112YRT2","Quaternary","khaki3",22,"black",2
"179","309526_2022-10-27","0.03",0.03,FALSE,"",0.03,"<0.01",0.01,TRUE,"",-1,"0.03",0.03,FALSE,"",0.03,"38",38,FALSE,"",38,"0.1",0.1,FALSE,"",0.1,"309526",2022-10-27 14:30:00,"Energy Labs",45.78055,-108.65951,"WELL","112YRT3","Quaternary","khaki3",22,"black",2
"180","309526_2023-01-04","<0.05",0.05,TRUE,"",-1,"<0.05",0.05,TRUE,"",-1,"<0.05",0.05,TRUE,"",-1,"39.71",39.71,FALSE,"",39.71,"0.15",0.15,FALSE,"",0.15,"309526",2023-01-04 11:30:00,"City of Billings",45.78055,-108.65951,"WELL","112YRT3","Quaternary","khaki3",22,"black",2
"181","309526_2023-03-02","0.02",0.02,FALSE,"",0.02,"<0.01",0.01,TRUE,"",-1,"0.02",0.02,FALSE,"",0.02,"36",36,FALSE,"",36,"0.1",0.1,FALSE,"",0.1,"309526",2023-03-02 12:06:00,"Energy Labs",45.78055,-108.65951,"WELL","112YRT3","Quaternary","khaki3",22,"black",2
"182","309526_2023-03-29","1.900",1.9,FALSE,"",1.9,"0.050",0.05,FALSE,"",0.05,"1.580",1.58,FALSE,"",1.58,"48.240",48.24,FALSE,"",48.24,"187.000",0.187,FALSE,"",187,"309526",2023-03-29 09:34:00,"MBMG",45.78055,-108.65951,"WELL","112YRT3","Quaternary","khaki3",22,"black",2
"183","309526_2023-05-09","<0.01",0.01,TRUE,"",-1,"<0.01",0.01,TRUE,"",-1,"<0.01",0.01,TRUE,"",-1,"38",38,FALSE,"",38,"0.2",0.2,FALSE,"",0.2,"309526",2023-05-09 10:38:00,"Energy Labs",45.78055,-108.65951,"WELL","112YRT3","Quaternary","khaki3",22,"black",2
"184","309526_2023-07-06","<0.01",0.01,TRUE,"",-1,"<0.01",0.01,TRUE,"",-1,"<0.01",0.01,TRUE,"",-1,"37",37,FALSE,"",37,"<0.01",0.01,TRUE,"",-1,"309526",2023-07-06 11:00:00,"Energy Labs",45.78055,-108.65951,"WELL","112YRT3","Quaternary","khaki3",22,"black",2
"185","309526_2023-09-07","0.350",0.35,FALSE,"",0.35,"0.040 J",0.04,FALSE," J",0.04,"0.280",0.28,FALSE,"",0.28,"46.860",46.86,FALSE,"",46.86,"178.000",0.178,FALSE,"",178,"309526",2023-09-07 10:45:00,"MBMG",45.78055,-108.65951,"WELL","112YRT3","Quaternary","khaki3",22,"black",2
"186","319404_2022-08-29","9.35",9.35,FALSE,"",9.35,"<0.05",0.05,TRUE,"",-1,"9.04",9.04,FALSE,"",9.04,"86.6",86.6,FALSE,"",86.6,"<0.05",0.05,TRUE,"",-1,"319404",2022-08-29 10:46:00,"City of Billings",45.77464,-108.61145,"WELL","112YRT3","Quaternary","khaki3",22,"black",2
"187","319527_2023-09-07","9.840",9.84,FALSE,"",9.84,"<0.050 U",0.05,TRUE," U",-1,"9.570",9.57,FALSE,"",9.57,"38.850",38.85,FALSE,"",38.85,"321.000",0.321,FALSE,"",321,"319527",2023-09-07 13:20:00,"MBMG",45.76067,-108.65598,"WELL","112YRT3","Quaternary","khaki3",22,"black",2
"188","319819_2022-10-26","0.96",0.96,FALSE,"",0.96,"<0.01",0.01,TRUE,"",-1,"0.96",0.96,FALSE,"",0.96,"17",17,FALSE,"",17,"<0.01",0.01,TRUE,"",-1,"319819",2022-10-26 09:54:00,"Energy Labs",45.79088,-108.52964,"WELL","112YRT3","Quaternary","khaki3",22,"black",2
"189","319864_2022-08-30","<0.05",0.05,TRUE,"",-1,"<0.05",0.05,TRUE,"",-1,"<0.02",0.02,TRUE,"",-1,"6.2",6.2,FALSE,"",6.2,"<0.05",0.05,TRUE,"",-1,"319864",2022-08-30 12:14:00,"City of Billings",45.79708,-108.55711,"WELL","112YRT3","Quaternary","khaki3",22,"black",2
"190","319867_2022-08-30","4.15",4.15,FALSE,"",4.15,"<0.05",0.05,TRUE,"",-1,"4.27",4.27,FALSE,"",4.27,"31.4",31.4,FALSE,"",31.4,"<0.05",0.05,TRUE,"",-1,"319867",2022-08-30 08:18:00,"City of Billings",45.79808,-108.55192,"WELL","112YRT3","Quaternary","khaki3",22,"black",2
"191","319964_2022-10-04","11.5",11.5,FALSE,"",11.5,"<0.05",0.05,TRUE,"",-1,NA,NA,FALSE,NA,NA,"19.7",19.7,FALSE,"",19.7,"<0.05",0.05,TRUE,"",-1,"319964",2022-10-04 13:52:00,"City of Billings",45.74191,-108.68049,"WELL","112YRT3","Quaternary","khaki3",22,"black",2
"192","319968_2022-10-27","1.04",1.04,FALSE,"",1.04,"0.07",0.07,FALSE,"",0.07,"1.11",1.11,FALSE,"",1.11,"104",104,FALSE,"",104,"0.3",0.3,FALSE,"",0.3,"319968",2022-10-27 10:19:00,"Energy Labs",45.75491,-108.55115,"WELL","112YRT2","Quaternary","khaki3",22,"black",2
"193","319968_2023-03-24","1.910",1.91,FALSE,"",1.91,"0.050",0.05,FALSE,"",0.05,"1.560",1.56,FALSE,"",1.56,"116.800",116.8,FALSE,"",116.8,"305.000",0.305,FALSE,"",305,"319968",2023-03-24 16:37:00,"MBMG",45.75491,-108.55115,"WELL","112YRT2","Quaternary","khaki3",22,"black",2
"194","320539_2022-10-05","<0.05",0.05,TRUE,"",-1,"<0.05",0.05,TRUE,"",-1,NA,NA,FALSE,NA,NA,"34.2",34.2,FALSE,"",34.2,"0.3",0.3,FALSE,"",0.3,"320539",2022-10-05 08:40:00,"City of Billings",45.76017244395,-108.4848812665,"WELL","","Quaternary","khaki3",22,"black",2
"195","321108_2022-11-01","2.84",2.84,FALSE,"",2.84,"<0.01",0.01,TRUE,"",-1,"2.84",2.84,FALSE,"",2.84,"20",20,FALSE,"",20,"4.3",4.3,FALSE,"",4.3,"321108",2022-11-01 12:09:00,"Energy Labs",45.76002,-108.5881,"WELL","112YRT3","Quaternary","khaki3",22,"black",2
"196","321560_2022-10-04","1.0",1,FALSE,"",1,"<0.05",0.05,TRUE,"",-1,NA,NA,FALSE,NA,NA,"30.3",30.3,FALSE,"",30.3,"0.06",0.06,FALSE,"",0.06,"321560",2022-10-04 12:59:00,"City of Billings",45.71258,-108.64915,"WELL","112YRT2","Quaternary","khaki3",22,"black",2
"197","321560_2023-04-10","0.440",0.44,FALSE,"",0.44,"<0.010 U",0.01,TRUE," U",-1,"0.360",0.36,FALSE,"",0.36,"25.630",25.63,FALSE,"",25.63,"93.000",0.093,FALSE,"",93,"321560",2023-04-10 18:44:00,"MBMG",45.71258,-108.64915,"WELL","112YRT2","Quaternary","khaki3",22,"black",2
"198","321560_2023-09-07","2.210",2.21,FALSE,"",2.21,"<0.010 U",0.01,TRUE," U",-1,"1.930",1.93,FALSE,"",1.93,"33.030",33.03,FALSE,"",33.03,"100.000",0.1,FALSE,"",100,"321560",2023-09-07 09:25:00,"MBMG",45.71258,-108.64915,"WELL","112YRT2","Quaternary","khaki3",22,"black",2
"199","321562_2022-10-03","7.0",7,FALSE,"",7,"<0.05",0.05,TRUE,"",-1,NA,NA,FALSE,NA,NA,"14.7",14.7,FALSE,"",14.7,"<0.05",0.05,TRUE,"",-1,"321562",2022-10-03 14:50:00,"City of Billings",45.71103,-108.70385,"WELL","112YRT3","Quaternary","khaki3",22,"black",2
"200","323103_2022-10-03","0.53",0.53,FALSE,"",0.53,"<0.05",0.05,TRUE,"",-1,NA,NA,FALSE,NA,NA,"20.6",20.6,FALSE,"",20.6,"0.06",0.06,FALSE,"",0.06,"323103",2022-10-03 15:17:00,"City of Billings",45.68458,-108.69959,"WELL","112YRT2","Quaternary","khaki3",22,"black",2
"201","323103_2023-02-07","0.16",0.16,FALSE,"",0.16,"<0.05",0.05,TRUE,"",-1,"0.16",0.16,FALSE,"",0.16,"24.09",24.09,FALSE,"",24.09,"0.08",0.08,FALSE,"",0.08,"323103",2023-02-07 12:22:00,"City of Billings",45.68458,-108.69959,"WELL","112YRT2","Quaternary","khaki3",22,"black",2
"202","323103_2023-03-24","0.050 J",0.05,FALSE," J",0.05,"<0.010 U",0.01,TRUE," U",-1,"<0.200 U",0.2,TRUE," U",-1,"15.730",15.73,FALSE,"",15.73,"80.000",0.08,FALSE,"",80,"323103",2023-03-24 08:23:00,"MBMG",45.68458,-108.69959,"WELL","112YRT2","Quaternary","khaki3",22,"black",2
"203","323103_2023-06-05","0.07",0.07,FALSE,"",0.07,"<0.01",0.01,TRUE,"",-1,"0.07",0.07,FALSE,"",0.07,"14",14,FALSE,"",14,"<0.01",0.01,TRUE,"",-1,"323103",2023-06-05 15:15:00,"Energy Labs",45.68458,-108.69959,"WELL","112YRT2","Quaternary","khaki3",22,"black",2
"204","323103_2023-08-03","0.92",0.92,FALSE,"",0.92,"<0.01",0.01,TRUE,"",-1,"0.92",0.92,FALSE,"",0.92,"27",27,FALSE,"",27,"<0.01",0.01,TRUE,"",-1,"323103",2023-08-03,"Energy Labs",45.68458,-108.69959,"WELL","112YRT2","Quaternary","khaki3",22,"black",2
"205","323103_2023-08-30","0.870",0.87,FALSE,"",0.87,"<0.010 U",0.01,TRUE," U",-1,"0.770",0.77,FALSE,"",0.77,"39.020",39.02,FALSE,"",39.02,"67.000",0.067,FALSE,"",67,"323103",2023-08-30 09:40:00,"MBMG",45.68458,-108.69959,"WELL","112YRT2","Quaternary","khaki3",22,"black",2
"206","323846_2022-10-19","3.79",3.79,FALSE,"",3.79,"<0.05",0.05,TRUE,"",-1,NA,NA,FALSE,NA,NA,"17.6",17.6,FALSE,"",17.6,"<0.05",0.05,TRUE,"",-1,"323846",2022-10-19 14:45:00,"City of Billings",45.746913,-108.693614,"WELL","112YRT3","Quaternary","khaki3",22,"black",2
"207","323846_2023-02-07","3.76",3.76,FALSE,"",3.76,"<0.05",0.05,TRUE,"",-1,"3.76",3.76,FALSE,"",3.76,"15.45",15.45,FALSE,"",15.45,"0.08",0.08,FALSE,"",0.08,"323846",2023-02-07 11:17:00,"City of Billings",45.746913,-108.693614,"WELL","112YRT3","Quaternary","khaki3",22,"black",2
"208","323846_2023-03-23","3.290",3.29,FALSE,"",3.29,"<0.010 U",0.01,TRUE," U",-1,"3.510",3.51,FALSE,"",3.51,"16.210",16.21,FALSE,"",16.21,"96.000",0.096,FALSE,"",96,"323846",2023-03-23 14:18:00,"MBMG",45.746913,-108.693614,"WELL","112YRT3","Quaternary","khaki3",22,"black",2
"209","323846_2023-06-09","4.05",4.05,FALSE,"",4.05,"<0.01",0.01,TRUE,"",-1,"4.05",4.05,FALSE,"",4.05,"14",14,FALSE,"",14,"<0.01",0.01,TRUE,"",-1,"323846",2023-06-09 11:30:00,"Energy Labs",45.746913,-108.693614,"WELL","112YRT3","Quaternary","khaki3",22,"black",2
"210","323846_2023-08-03","4.1",4.1,FALSE,"",4.1,"<0.01",0.01,TRUE,"",-1,"4.1",4.1,FALSE,"",4.1,"14",14,FALSE,"",14,"<0.01",0.01,TRUE,"",-1,"323846",2023-08-03,"Energy Labs",45.746913,-108.693614,"WELL","112YRT3","Quaternary","khaki3",22,"black",2
"211","323846_2023-08-30","3.880",3.88,FALSE,"",3.88,"<0.010 U",0.01,TRUE," U",-1,"3.750",3.75,FALSE,"",3.75,"16.340",16.34,FALSE,"",16.34,"91.000",0.091,FALSE,"",91,"323846",2023-08-30 14:45:00,"MBMG",45.746913,-108.693614,"WELL","112YRT3","Quaternary","khaki3",22,"black",2
"212","324275_2022-11-07","3.23",3.23,FALSE,"",3.23,"<0.01",0.01,TRUE,"",-1,"3.23",3.23,FALSE,"",3.23,"38",38,FALSE,"",38,"<0.01",0.01,TRUE,"",-1,"324275",2022-11-07 15:12:00,"Energy Labs",45.77113,-108.559279,"WELL","","Quaternary","khaki3",22,"black",2
"213","324784_2023-01-11","2.83",2.83,FALSE,"",2.83,"<0.01",0.01,TRUE,"",-1,"2.83",2.83,FALSE,"",2.83,"29",29,FALSE,"",29,"<0.01",0.01,TRUE,"",-1,"324784",2023-01-11 15:03:00,"Energy Labs",45.71849,-108.67925,"WELL","112YRT3","Quaternary","khaki3",22,"black",2
"214","324784_2023-03-23","2.830",2.83,FALSE,"",2.83,"<0.010 U",0.01,TRUE," U",-1,"2.450",2.45,FALSE,"",2.45,"29.530",29.53,FALSE,"",29.53,"61.000",0.061,FALSE,"",61,"324784",2023-03-23 09:01:00,"MBMG",45.71849,-108.67925,"WELL","112YRT3","Quaternary","khaki3",22,"black",2
"215","325487_2023-02-07","10.5",10.5,FALSE,"",10.5,"<0.05",0.05,TRUE,"",-1,"10.5",10.5,FALSE,"",10.5,"45.01",45.01,FALSE,"",45.01,"0.09",0.09,FALSE,"",0.09,"325487",2023-02-07 13:17:00,"City of Billings",45.76942,-108.627735,"WELL","112YRT3","Quaternary","khaki3",22,"black",2
"216","325487_2023-03-02","1.82",1.82,FALSE,"",1.82,"<0.01",0.01,TRUE,"",-1,"1.82",1.82,FALSE,"",1.82,"43",43,FALSE,"",43,"<0.01",0.01,TRUE,"",-1,"325487",2023-03-02 12:24:00,"Energy Labs",45.76942,-108.627735,"WELL","112YRT3","Quaternary","khaki3",22,"black",2
"217","325487_2023-03-23","9.420",9.42,FALSE,"",9.42,"<0.010 U",0.01,TRUE," U",-1,"9.690",9.69,FALSE,"",9.69,"39.660",39.66,FALSE,"",39.66,"111.000",0.111,FALSE,"",111,"325487",2023-03-23 18:39:00,"MBMG",45.76942,-108.627735,"WELL","112YRT3","Quaternary","khaki3",22,"black",2
"218","325487_2023-05-09","11.2",11.2,FALSE,"",11.2,"<0.01",0.01,TRUE,"",-1,"11.2",11.2,FALSE,"",11.2,"47",47,FALSE,"",47,"<0.01",0.01,TRUE,"",-1,"325487",2023-05-09 12:02:00,"Energy Labs",45.76942,-108.627735,"WELL","112YRT3","Quaternary","khaki3",22,"black",2
"219","325487_2023-07-06","10.4",10.4,FALSE,"",10.4,"<0.01",0.01,TRUE,"",-1,"10.4",10.4,FALSE,"",10.4,"43",43,FALSE,"",43,"<0.01",0.01,TRUE,"",-1,"325487",2023-07-06 13:20:00,"Energy Labs",45.76942,-108.627735,"WELL","112YRT3","Quaternary","khaki3",22,"black",2
"220","325487_2023-09-07","10.810",10.81,FALSE,"",10.81,"<0.010 U",0.01,TRUE," U",-1,"8.860",8.86,FALSE,"",8.86,"43.100",43.1,FALSE,"",43.1,"108.000",0.108,FALSE,"",108,"325487",2023-09-07 08:00:00,"MBMG",45.76942,-108.627735,"WELL","112YRT3","Quaternary","khaki3",22,"black",2
"221","325720_2023-03-22","46.920",46.92,FALSE,"",46.92,"<0.050 U",0.05,TRUE," U",-1,"41.600",41.6,FALSE,"",41.6,"120.400",120.4,FALSE,"",120.4,"1030.000",1.03,FALSE,"",1030,"325720",2023-03-22 08:20:00,"MBMG",45.793743,-108.6936,"WELL","111ALVF","Quaternary","khaki3",22,"black",2
"222","325720_2023-08-31","51.770",51.77,FALSE,"",51.77,"<0.050 U",0.05,TRUE," U",-1,"43.400",43.4,FALSE,"",43.4,"133.400",133.4,FALSE,"",133.4,"1060.000",1.06,FALSE,"",1060,"325720",2023-08-31 07:20:00,"MBMG",45.793743,-108.6936,"WELL","111ALVF","Quaternary","khaki3",22,"black",2
"223","325721_2023-03-22","<0.010 U",0.01,TRUE," U",-1,"<0.010 U",0.01,TRUE," U",-1,"<0.200 U",0.2,TRUE," U",-1,"42.540",42.54,FALSE,"",42.54,"113.000",0.113,FALSE,"",113,"325721",2023-03-22 09:06:00,"MBMG",45.778387,-108.63552,"WELL","112YRT3","Quaternary","khaki3",22,"black",2
"224","327636_2023-09-08","0.290",0.29,FALSE,"",0.29,"0.040 J",0.04,FALSE," J",0.04,"0.260",0.26,FALSE,"",0.26,"27.380",27.38,FALSE,"",27.38,"106.000",0.106,FALSE,"",106,"327636",2023-09-08 18:45:00,"MBMG",45.74766,-108.59313,"WELL","112YRT2","Quaternary","khaki3",22,"black",2
"225","327722_2023-09-07","3.650",3.65,FALSE,"",3.65,"<0.050 U",0.05,TRUE," U",-1,"3.630",3.63,FALSE,"",3.63,"115.600",115.6,FALSE,"",115.6,"463.000",0.463,FALSE,"",463,"327722",2023-09-07 12:20:00,"MBMG",45.79145,-108.65589,"WELL","110ALVF","Quaternary","khaki3",22,"black",2
"226","327723_2023-09-11","<0.010 U",0.01,TRUE," U",-1,"<0.010 U",0.01,TRUE," U",-1,"<0.200 U",0.2,TRUE," U",-1,"5.170",5.17,FALSE,"",5.17,"<10.000 U",0.01,TRUE," U",-1,"327723",2023-09-11 15:10:00,"MBMG",45.76732,-108.56222,"WELL","112YRT3","Quaternary","khaki3",22,"black",2
"227","327728_2023-09-08","<0.010 U",0.01,TRUE," U",-1,"<0.010 U",0.01,TRUE," U",-1,"<0.200 U",0.2,TRUE," U",-1,"79.680",79.68,FALSE,"",79.68,"154.000",0.154,FALSE,"",154,"327728",2023-09-08 16:48:00,"MBMG",45.76249,-108.48075,"WELL","110YRT1","Quaternary","khaki3",22,"black",2
"228","327763_2023-09-08","4.880",4.88,FALSE,"",4.88,"0.040 J",0.04,FALSE," J",0.04,"4.350",4.35,FALSE,"",4.35,"29.100",29.1,FALSE,"",29.1,"126.000",0.126,FALSE,"",126,"327763",2023-09-08 17:48:00,"MBMG",45.76357,-108.56131,"WELL","112YRT3","Quaternary","khaki3",22,"black",2
"229","327829_2023-09-01","2.020",2.02,FALSE,"",2.02,"0.060",0.06,FALSE,"",0.06,"1.760",1.76,FALSE,"",1.76,"81.060",81.06,FALSE,"",81.06,"205.000",0.205,FALSE,"",205,"327829",2023-09-01 07:30:00,"MBMG",45.78418,-108.51817,"WELL","112YRT2","Quaternary","khaki3",22,"black",2
"230","327848_2023-09-08","5.160",5.16,FALSE,"",5.16,"0.040 J",0.04,FALSE," J",0.04,"4.670",4.67,FALSE,"",4.67,"34.220",34.22,FALSE,"",34.22,"162.000",0.162,FALSE,"",162,"327848",2023-09-08 14:23:00,"MBMG",45.74237,-108.65896,"WELL","112YRT3","Quaternary","khaki3",22,"black",2
"231","6968_2023-06-05","9.65",9.65,FALSE,"",9.65,"<0.01",0.01,TRUE,"",-1,"9.65",9.65,FALSE,"",9.65,"43",43,FALSE,"",43,"2.6",2.6,FALSE,"",2.6,"6968",2023-06-05 13:00:00,"Energy Labs",45.7119,-108.6366,"WELL","112TRRC","Quaternary","khaki3",22,"black",2
"232","705285_2022-10-03","0.29",0.29,FALSE,"",0.29,"<0.05",0.05,TRUE,"",-1,NA,NA,FALSE,NA,NA,"34.1",34.1,FALSE,"",34.1,"0.07",0.07,FALSE,"",0.07,"705285",2022-10-03 10:32:00,"City of Billings",45.78301,-108.68404,"WELL","111ALVF","Quaternary","khaki3",22,"black",2
"233","705285_2023-02-07","0.97",0.97,FALSE,"",0.97,"<0.05",0.05,TRUE,"",-1,"0.97",0.97,FALSE,"",0.97,"31",31,FALSE,"",31,"0.12",0.12,FALSE,"",0.12,"705285",2023-02-07 09:50:00,"City of Billings",45.78301,-108.68404,"WELL","111ALVF","Quaternary","khaki3",22,"black",2
"234","705285_2023-03-23","1.360",1.36,FALSE,"",1.36,"<0.010 U",0.01,TRUE," U",-1,"1.200",1.2,FALSE,"",1.2,"22.840",22.84,FALSE,"",22.84,"137.000",0.137,FALSE,"",137,"705285",2023-03-23 16:51:00,"MBMG",45.78301,-108.68404,"WELL","111ALVF","Quaternary","khaki3",22,"black",2
"235","705285_2023-06-09","0.88",0.88,FALSE,"",0.88,"<0.01",0.01,TRUE,"",-1,"0.88",0.88,FALSE,"",0.88,"55",55,FALSE,"",55,"<0.01",0.01,TRUE,"",-1,"705285",2023-06-09 10:00:00,"Energy Labs",45.78301,-108.68404,"WELL","111ALVF","Quaternary","khaki3",22,"black",2
"236","705285_2023-08-03","0.91",0.91,FALSE,"",0.91,"<0.01",0.01,TRUE,"",-1,"0.91",0.91,FALSE,"",0.91,"45",45,FALSE,"",45,"0.1",0.1,FALSE,"",0.1,"705285",2023-08-03,"Energy Labs",45.78301,-108.68404,"WELL","111ALVF","Quaternary","khaki3",22,"black",2
"237","705285_2023-08-30","0.690",0.69,FALSE,"",0.69,"<0.010 U",0.01,TRUE," U",-1,"0.700",0.7,FALSE,"",0.7,"39.070",39.07,FALSE,"",39.07,"112.000",0.112,FALSE,"",112,"705285",2023-08-30 18:00:00,"MBMG",45.78301,-108.68404,"WELL","111ALVF","Quaternary","khaki3",22,"black",2
"238","93345_2022-10-10","7.1",7.1,FALSE,"",7.1,"<0.01",0.01,TRUE,"",-1,"6.23",6.23,FALSE,"",6.23,"18.83",18.83,FALSE,"",18.83,"0.071",0.071,FALSE,"",0.071,"93345",2022-10-10 14:18:00,"MBMG Butte, MT",45.729646,-108.66374,"WELL","111TRRC","Quaternary","khaki3",22,"black",2
"239","93691_2022-09-29","2.54",2.54,FALSE,"",2.54,"<0.05",0.05,TRUE,"",-1,NA,NA,FALSE,NA,NA,"111.8",111.8,FALSE,"",111.8,"0.3",0.3,FALSE,"",0.3,"93691",2022-09-29 08:50:00,"City of Billings",45.777297,-108.526446,"WELL","111TRRC","Quaternary","khaki3",22,"black",2
"240","93765_2022-09-15","8.74",8.74,FALSE,"",8.74,"<0.05",0.05,TRUE,"",-1,NA,NA,FALSE,NA,NA,"91.3",91.3,FALSE,"",91.3,"0.24",0.24,FALSE,"",0.24,"93765",2022-09-15 10:15:00,"City of Billings",45.7715658384,-108.543520573,"WELL","111TRRC","Quaternary","khaki3",22,"black",2
"241","93765_2023-09-13","7.160",7.16,FALSE,"",7.16,"<0.010 U",0.01,TRUE," U",-1,"8.330",8.33,FALSE,"",8.33,"77.100",77.1,FALSE,"",77.1,"197.000",0.197,FALSE,"",197,"93765",2023-09-13 07:05:00,"MBMG",45.7715658384,-108.543520573,"WELL","111TRRC","Quaternary","khaki3",22,"black",2
"242","93844_2022-08-29","5.75",5.75,FALSE,"",5.75,"<0.05",0.05,TRUE,"",-1,"6.02",6.02,FALSE,"",6.02,"60.45",60.45,FALSE,"",60.45,"<0.05",0.05,TRUE,"",-1,"93844",2022-08-29 11:02:00,"City of Billings",45.78224,-108.57064,"WELL","111TRRC","Quaternary","khaki3",22,"black",2
"243","93857_2022-08-30","7.95",7.95,FALSE,"",7.95,"<0.05",0.05,TRUE,"",-1,"8.08",8.08,FALSE,"",8.08,"61.9",61.9,FALSE,"",61.9,"<0.05",0.05,TRUE,"",-1,"93857",2022-08-30 12:39:00,"City of Billings",45.77441,-108.5688,"WELL","111TRRC","Quaternary","khaki3",22,"black",2
"244","93991_2022-09-05","1.6",1.6,FALSE,"",1.6,"<0.05",0.05,TRUE,"",-1,NA,NA,FALSE,NA,NA,"58.9",58.9,FALSE,"",58.9,"<0.05",0.05,TRUE,"",-1,"93991",2022-09-05 00:46:00,"City of Billings",45.75853,-108.53493,"WELL","112YRT2","Quaternary","khaki3",22,"black",2
"245","94118_2022-08-30","4.05",4.05,FALSE,"",4.05,"<0.05",0.05,TRUE,"",-1,"3.89",3.89,FALSE,"",3.89,"52.05",52.05,FALSE,"",52.05,"<0.05",0.05,TRUE,"",-1,"94118",2022-08-30 09:38:00,"City of Billings",45.752951683,-108.525191209,"WELL","111TRRC","Quaternary","khaki3",22,"black",2
"246","11126_2023-10-17","1.760",1.76,FALSE,"",1.76,"0.020 J",0.02,FALSE," J",0.02,"1.690",1.69,FALSE,"",1.69,"31.540",31.54,FALSE,"",31.54,"154.000",0.154,FALSE,"",154,"11126",2023-10-17 16:10:00,"MBMG",45.81753662,-108.5246309,"WELL","211EGLE","Mesozoic","darkgray",23,"black",2
"247","319988_2022-11-28","<0.01",0.01,TRUE,"",-1,"<0.01",0.01,TRUE,"",-1,"<0.01",0.01,TRUE,"",-1,"53",53,FALSE,"",53,"0.3",0.3,FALSE,"",0.3,"319988",2022-11-28 15:42:00,"Energy Labs",45.7402,-108.62276,"WELL","211NBRR","Mesozoic","darkgray",23,"black",2
"248","319988_2023-03-29","0.050",0.05,FALSE,"",0.05,"<0.010 U",0.01,TRUE," U",-1,"<0.200 U",0.2,TRUE," U",-1,"48.420",48.42,FALSE,"",48.42,"245.000",0.245,FALSE,"",245,"319988",2023-03-29 13:25:00,"MBMG",45.7402,-108.62276,"WELL","211NBRR","Mesozoic","darkgray",23,"black",2
"249","327637_2023-09-07","0.210 J",0.21,FALSE," J",0.21,"0.220 J",0.22,FALSE," J",0.22,"<0.200 U",0.2,TRUE," U",-1,"84.080",84.08,FALSE,"",84.08,"792.000",0.792,FALSE,"",792,"327637",2023-09-07 12:45:00,"MBMG",45.79144,-108.65595,"WELL","211NBRR","Mesozoic","darkgray",23,"black",2
"250","327764_2023-09-01","0.210 J",0.21,FALSE," J",0.21,"0.230 J",0.23,FALSE," J",0.23,"<0.200 U",0.2,TRUE," U",-1,"217.000",217,FALSE,"",217,"1240.000",1.24,FALSE,"",1240,"327764",2023-09-01 08:00:00,"MBMG",45.78418,-108.51822,"WELL","211CRLL","Mesozoic","darkgray",23,"black",2
"251","327847_2023-09-08","0.880",0.88,FALSE,"",0.88,"0.120",0.12,FALSE,"",0.12,"0.760",0.76,FALSE,"",0.76,"38.010",38.01,FALSE,"",38.01,"273.000",0.273,FALSE,"",273,"327847",2023-09-08 14:11:00,"MBMG",45.74237,-108.65899,"WELL","211NBRR","Mesozoic","darkgray",23,"black",2
"252","0_2023-02-08","<0.05",0.05,TRUE,"",-1,"<0.05",0.05,TRUE,"",-1,"<0.05",0.05,TRUE,"",-1,"30.28",30.28,FALSE,"",30.28,"0.07",0.07,FALSE,"",0.07,"0",2023-02-08 13:17:00,"City of Billings",NA,NA,NA,NA,"Quaternary","khaki3",22,"black",2
"253","1_2023-06-01","0.29",0.29,FALSE,"",0.29,"0.02",0.02,FALSE,"",0.02,"0.31",0.31,FALSE,"",0.31,"53",53,FALSE,"",53,"<0.01",0.01,TRUE,"",-1,"1",2023-06-01 12:00:00,"Energy Labs",NA,NA,NA,NA,"Quaternary","khaki3",22,"black",2
